Item,unit,,Cost,Category,Rank
 Braided non absorbable sterile Silk 2/0 cc 40mm,12,Pharmacy,13000,Private,
 Braided non absorbable sterile Silk 2/0 cc 40mm,12,Pharmacy,1,General,
 paraffin gauze 9.5cm x 9.5cm (square),36's,Pharmacy,1500,Private,
 paraffin gauze 9.5cm x 9.5cm (square),36's,Pharmacy,1,General,
 Plaster of paris (POP) 7.5*270 cm,Each,Pharmacy,2000,Private,
 Plaster of paris (POP) 7.5*270 cm,Each,Pharmacy,1,General,
Acyclovir 200mg dispersible,Tablet,Pharmacy,90,Private,
Acyclovir 200mg dispersible,Tablet,Pharmacy,40,General,
Acyclovir Cream 5%,Each,Pharmacy,1500,Private,
Acyclovir Cream 5%,Each,Pharmacy,800,General,
"Adrenaline 1/1000, 1ml",Ampoule,Pharmacy,200,Private,
"Adrenaline 1/1000, 1ml",Ampoule,Pharmacy,200,General,
Albendazole 200mg,Tablet,Pharmacy,25,Private,
Albendazole 200mg,Tablet,Pharmacy,25,General,
Allopurinol 100mg,Tablet,Pharmacy,60,Private,
Allopurinol 100mg,Tablet,Pharmacy,50,General,
Aminophylline 100mg,Tablet,Pharmacy,20,Private,
Aminophylline 100mg,Tablet,Pharmacy,15,General,
"Aminophylline 25mg/ml, 10ml",Vial,Pharmacy,300,Private,
"Aminophylline 25mg/ml, 10ml",Vial,Pharmacy,250,General,
Amitriptyline 25mg,Tablet,Pharmacy,20,Private,
Amitriptyline 25mg,Tablet,Pharmacy,15,General,
Amlodipine 10mg,Tablet,Pharmacy,25,Private,
Amlodipine 10mg,Tablet,Pharmacy,30,General,
Amlodipine 5mg,Tablet,Pharmacy,25,Private,
Amlodipine 5mg,Tablet,Pharmacy,30,General,
Amoxycillin 125mg/ml suspension,Bottle,Pharmacy,600,Private,
Amoxycillin 250mg,Tablet,Pharmacy,30,Private,
Amoxycillin 250mg,Tablet,Pharmacy,25,General,
Amoxyclavulin Acid 500mg (augmentin),Tablet,Pharmacy,350,Private,
Amoxyclavulin Acid 500mg (augmentin),Tablet,Pharmacy,300,General,
Ampicillin injection 1gm PFR,Vial,Pharmacy,750,Private,
Ampicillin injection 1gm PFR,Vial,Pharmacy,600,General,
Anusol supositories,Each,Pharmacy,300,Private,
Anusol supositories,Each,Pharmacy,250,General,
Ant-acid syrup,Bottle,Pharmacy,1200,Private,
Ant-acid syrup,Bottle,Pharmacy,1200,General,
ARV – Anti-Rabies vaccine,Ampoule,Pharmacy,7300,Private,
ARV – Anti-Rabies vaccine,Ampoule,Pharmacy,5500,General,
"Apron, disposable, polythene",Each,Pharmacy,75,Private,
"Apron, disposable, polythene",Each,Pharmacy,,General,
Artefan,6's,Pharmacy,3200,Private,
Artefan,6's,Pharmacy,3000,General,
Aspirin 300mg,Tablet,Pharmacy,20,Private,
Aspirin 300mg,Tablet,Pharmacy,15,General,
Atenolol 50mg,Tablet,Pharmacy,35,Private,
Ateonol 50mg,Tablet,Pharmacy,40,General,
Atorvastatin 10mg,Tablet,Pharmacy,100,Private,
Atorvastatin 10mg,Tablet,Pharmacy,30,General,
Atorvastatin 20mg,Tablet,Pharmacy,30,Private,
Atorvastatin 20mg,Tablet,Pharmacy,30,General,
"Atropine sulphate  1mg/ml, 1ml",Ampoule,Pharmacy,200,Private,
"Atropine sulphate  1mg/ml, 1ml",Ampoule,Pharmacy,120,General,
Amox-clav (Augmentin) syrup,Bottle,Pharmacy,5200,Private,
Amox-clav (Augmentin) syrup,Bottle,Pharmacy,3000,General,
Autoclave tape 5cm (Brown),Each,Pharmacy,5000,Private,
Autoclave tape 5cm (Brown),Each,Pharmacy,,General,
Azithromycin 500mg ,3,Pharmacy,2500,Private,
Azithromycin 500mg ,3,Pharmacy,2500,General,
"Bags urine drainage 2,000ml",Each,Pharmacy,500,Private,
"Bags urine drainage 2,000ml",Each,Pharmacy,500,General,
Bandage plaster of paris 20.0*270cm,Each,Pharmacy,3200,Private,
Bandage plaster of paris 20.0*270cm,Each,Pharmacy,3200,General,
"Bandage, WOW 10cm x 4m ",roll,Pharmacy,300,Private,
"Bandage, WOW 10cm x 4m ",roll,Pharmacy,300,General,
"Bandage,plaster of paris  10.0*270cm",Each,Pharmacy,2000,Private,
"Bandage,plaster of paris  10.0*270cm",Each,Pharmacy,2000,General,
"Bandage,plaster of paris 15.0*270cm",Each,Pharmacy,3200,Private,
"Bandage,plaster of paris 15.0*270cm",Each,Pharmacy,,General,
Benzathine benzylpenicillin 1.44g (2.44MU),Vial,Pharmacy,500,Private,
Benzathine benzylpenicillin 1.44g (2.44MU),Vial,Pharmacy,420,General,
benzoic acid(6%) and salicylic acid(3%) ointment,Each,Pharmacy,1000,Private,
benzoic acid(6%) and salicylic acid(3%) ointment,Each,Pharmacy,750,General,
Benzyl benzoate application 25%,Bottle,Pharmacy,550,Private,
Benzyl benzoate application 25%,Bottle,Pharmacy,800,General,
"Xpen (Benzylpenicillin) 3g (5MU), PFR (X-PEN).",Vial,Pharmacy,500,Private,
Betamethasone skin oint 0.1%,Each,Pharmacy,750,General,
Betamethasone skin oint 0.1%,Each,Pharmacy,800,Private,
BG- Glutamin,30,Pharmacy,2500,General,
Bisacodyl 5mg,Tablet,Pharmacy,30,Private,
Bisacodyl 5mg,Tablet,Pharmacy,15,General,
"Bupivacaine spinal heavy 0.5%, 4ml ampoule",Vial,Pharmacy,1050,Private,
"Bupivacaine spinal heavy 0.5%, 4ml ampoule",Vial,Pharmacy,1200,General,
Calamine lotion,Bottle,Pharmacy,800,Private,
Calamine lotion,Bottle,Pharmacy,900,General,
Calcium Gluconate injection,Vial,Pharmacy,450,Private,
Calcium Gluconate injection,Vial,Pharmacy,250,General,
Cannula iv (Venflon) 14,Each,Pharmacy,180,Private,
Cannula iv (Venflon) 14,Each,Pharmacy,,General,
Cannula iv (Venflon) 16,Each,Pharmacy,200,Private,
Cannula iv (Venflon) 16,Each,Pharmacy,,General,
Cannula iv (Venflon) 18,Each,Pharmacy,200,Private,
Cannula iv (Venflon) 18,Each,Pharmacy,,General,
Cannula iv (Venflon) 20,Each,Pharmacy,200,Private,
Cannula iv (Venflon) 20,Each,Pharmacy,,General,
Cannula iv (Venflon) 22,Each,Pharmacy,200,Private,
Cannula iv (Venflon) 22,Each,Pharmacy,,General,
Cannula iv (Venflon) 24,Each,Pharmacy,200,Private,
Cannula iv (Venflon) 24,Each,Pharmacy,,General,
Captopril 25mg   ,Tablet,Pharmacy,30,Private,
Captopril 25mg   ,Tablet,Pharmacy,15,General,
Carbamazepine 200mg,Tablet,Pharmacy,20,Private,
Carbamazepine 200mg,Tablet,Pharmacy,15,General,
Catgut chromic  2/0 needle round bodied 1/2c 35mm ,12,Pharmacy,13000,Private,
Catgut chromic  2/0 needle round bodied 1/2c 35mm ,12,Pharmacy,,General,
Catgut chromic 1  needle round bodied ½c 50mm,12,Pharmacy,13000,Private,
Catgut chromic 1  needle round bodied ½c 50mm,12,Pharmacy,,General,
Catgut chromic 2 needle round bodied 1/2c 50mm,12,Pharmacy,13000,Private,
Catgut chromic 2 needle round bodied 1/2c 50mm,12,Pharmacy,,General,
Catgut chromic 3/0 needle round bodied 1/2c25mm,12,Pharmacy,13000,Private,
Catgut chromic 3/0 needle round bodied 1/2c25mm,12,Pharmacy,,General,
Catgut chromic 4/0 needle round bodied 1/2c20mm,12,Pharmacy,13000,Private,
Catgut chromic 4/0 needle round bodied 1/2c20mm,12,Pharmacy,,General,
Catgut chromic 5/0 needle round bodied 1/2c 20mm,12,Pharmacy,13000,Private,
Catgut chromic 5/0 needle round bodied 1/2c 20mm,12,Pharmacy,,General,
Catheter foley's 3-way FG  20,Each,Pharmacy,350,Private,
Catheter foley's 3-way FG  20,Each,Pharmacy,,General,
Catheter Foley's 3-way FG 22,Each,Pharmacy,350,Private,
Catheter Foley's 3-way FG 22,Each,Pharmacy,,General,
Catheter Foley's FG 16,Each,Pharmacy,350,Private,
Catheter Foley's FG 16,Each,Pharmacy,,General,
Catheter Foley's FG 18 ,Each,Pharmacy,350,Private,
Catheter Foley's FG 18 ,Each,Pharmacy,,General,
Catheter Foley's FG 20,Each,Pharmacy,350,Private,
Catheter Foley's FG 20,Each,Pharmacy,,General,
Catheter Foley's retention 3-5cc  FG 8,Each,Pharmacy,350,Private,
Catheter Foley's retention 3-5cc  FG 8,Each,Pharmacy,,General,
Catheter Foley's retention 30cc FG 10,Each,Pharmacy,350,Private,
Catheter Foley's retention 30cc FG 10,Each,Pharmacy,,General,
Catheter Foley's retention 30cc FG14,Each,Pharmacy,350,Private,
Catheter Foley's retention 30cc FG14,Each,Pharmacy,,General,
Catheter Foley`s retention 30cc FG 12,Each,Pharmacy,350,Private,
Catheter Foley`s retention 30cc FG 12,Each,Pharmacy,,General,
Cefixime 200mg,Tablet,Pharmacy,250,Private,
Ceftriaxone 1gm,Vial,Pharmacy,1500,Private,
Ceftriaxone 1gm,Vial,Pharmacy,600,General,
cefuroxime  250mg tabs,Tablet,Pharmacy,200,General,
Cefuroxime syrup,Bottle,Pharmacy,2000,Private,
Cefuroxime syrup,Bottle,Pharmacy,2000,General,
cefuroxime tabs,Tablet,Pharmacy,250,Private,
Cetrimide15%+chlorhexidine 1.5%(Savlon),1litre,Pharmacy,14000,Private,
Cetrimide15%+chlorhexidine 1.5%(Savlon),1litre,Pharmacy,7800,General,
Cetrizine hydrochloride 10mg,Tablet,Pharmacy,45,Private,
Cetrizine hydrochloride 10mg,Tablet,Pharmacy,210,General,
Chloramphenicol 250mg,Tablet,Pharmacy,30,Private,
Chloramphenicol 250mg,Tablet,Pharmacy,25,General,
"Chloramphenicol succinate 1g, PFR",Vial,Pharmacy,500,Private,
"Chloramphenicol succinate 1g, PFR",Vial,Pharmacy,420,General,
Chloramphenicol syrup,Bottle,Pharmacy,1000,Private,
Chloramphenicol syrup,Bottle,Pharmacy,850,General,
Chloramphnicol eye drops,Each,Pharmacy,450,Private,
Chloramphnicol eye drops,Each,Pharmacy,500,General,
Piriton – Chlorpheniramine maleate 4mg,Tablet,Pharmacy,20,Private,
Piriton – Chlorpheniramine maleate 4mg,Tablet,Pharmacy,15,General,
CPZ – Chlorpromazine 100mg,Tablet,Pharmacy,80,Private,
CPZ – Chlorpromazine 100mg,Tablet,Pharmacy,15,General,
"CPZ - Chlorpromazine hcl 25mg/ml, 2ml",Ampoule,Pharmacy,500,Private,
"CPZ- Chlorpromazine hcl 25mg/ml, 2ml",Ampoule,Pharmacy,250,General,
Cimetidine 400mg,Tablet,Pharmacy,20,Private,
Cimetidine 400mg,Tablet,Pharmacy,15,General,
Ciprofloxacin 250mg,Tablet,Pharmacy,60,Private,
Clarithromycin 125mg/5ml,Bottle,Pharmacy,2500,Private,
Clarithromycin 125mg/5ml,Bottle,Pharmacy,1800,General,
"Clips, umbilical cord, polythene",Each,Pharmacy,30,Private,
"Clips, umbilical cord, polythene",Each,Pharmacy,,General,
Clotrimazole cream,Each,Pharmacy,750,Private,
Clotrimazole cream,Each,Pharmacy,900,General,
Clotrimazole pessaries,Each,Pharmacy,850,Private,
Clotrimazole pessaries,Pack,Pharmacy,1000,General,
Cloxacillin 125mg/5ml,Bottle,Pharmacy,750,Private,
Cloxacillin 125mg/5ml,Bottle,Pharmacy,750,General,
Cloxacillin 250mg,Tablet,Pharmacy,25,Private,
Cloxacillin 250mg,Tablet,Pharmacy,25,General,
Cloxacillin 500mg powder for injection,Vial,Pharmacy,1900,Private,
Cloxacillin 500mg powder for injection,Vial,Pharmacy,1450,General,
Codeine phosphate 15mg,Tablet,Pharmacy,32,Private,
Codeine phosphate 15mg,Tablet,Pharmacy,30,General,
Coldril syrup,Bottle,Pharmacy,1000,Private,
Coldril syrup,Bottle,Pharmacy,1000,General,
Cotrimoxazole 480mg,Tablet,Pharmacy,15,Private,
Bactrim – Cotrimoxazole 480mg,Tablet,Pharmacy,15,General,
Bactrim – Cotrimoxazole suspention 240mg/5ml,Bottle,Pharmacy,650,Private,
Bactrim – Cotrimoxazole suspention 240mg/5ml,Bottle,Pharmacy,500,General,
"Cotton wool, 500g",roll,Pharmacy,2500,Private,
"Cotton wool, 500g",roll,Pharmacy,,General,
Cough depressant,Bottle,Pharmacy,1200,Private,
Cough depressant,Bottle,Pharmacy,1200,General,
Cough suppressant,Bottle,Pharmacy,1200,Private,
Cough suppressant,Bottle,Pharmacy,1200,General,
Crepe bandages,Each,Pharmacy,500,Private,
Crepe bandages,Each,Pharmacy,,General,
Depomedrol 40mg/ml,Vial,Pharmacy,                                                                                              ,Private,
Dexamethasone 0.5mg,Tablet,Pharmacy,10,Private,
Dexamethasone 0.5mg,Tablet,Pharmacy,15,General,
"Dexamethasone 4mg/ml, 2ml ",Ampoule,Pharmacy,500,Private,
"Dexamethasone 4mg/ml, 2ml ",Ampoule,Pharmacy,250,General,
"Dexamethasone 5mg/ml, 1ml ",Ampoule,Pharmacy,450,Private,
"Dexamethasone 5mg/ml, 1ml ",Ampoule,Pharmacy,250,General,
Dexamethasone eye drops,Each,Pharmacy,450,Private,
Dexamethasone eye drops,Each,Pharmacy,500,General,
"Dextrose (glucose) 5%, 1000ml",Bottle,Pharmacy,1900,Private,
"Dextrose (glucose) 5%, 1000ml",Bottle,Pharmacy,1500,General,
"Dextrose 50%, 20ml",Vial,Pharmacy,500,Private,
"Dextrose 50%, 20ml",Vial,Pharmacy,420,General,
Diamox 250mg ,Tablet,Pharmacy,105,Private,
Diamox 250mg ,Tablet,Pharmacy,120,General,
Diazepam 5mg ,Tablet,Pharmacy,30,Private,
Diazepam 5mg ,Tablet,Pharmacy,30,General,
"Diazepam 5mg/ml, 2ml",Ampoule,Pharmacy,450,Private,
"Diazepam 5mg/ml, 2ml",Ampoule,Pharmacy,120,General,
Diclofenac 100mg,Tablet,Pharmacy,20,Private,
Diclofenac 100mg,Tablet,Pharmacy,20,General,
Diclofenac 50mg,Tablet,Pharmacy,15,Private,
Diclofenac 50mg,Tablet,Pharmacy,15,General,
Diclofenac gel 15gm,Each,Pharmacy,1500,Private,
Diclofenac gel 15gm,Each,Pharmacy,1500,General,
Diclofenac inj 75mg/3ml,Ampoule,Pharmacy,300,Private,
Diclofenac inj 75mg/3ml,Ampoule,Pharmacy,120,General,
Diclofenac spray,Each,Pharmacy,6300,Private,
Diclofenac suppository,Each,Pharmacy,300,General,
Diclofenac suppository,Each,Pharmacy,250,Private,
Digoxin 0.25mg,Tablet,Pharmacy,50,General,
Digoxin 0.25mg,Tablet,Pharmacy,40,Private,
D-artepp – Dihydroartemisinin/ Piperamine 40/320mg(Daterp),Tablet,Pharmacy,350,Private,
Disposable gloves large,pair,Pharmacy,150,Private,
Disposable gloves large,pair,Pharmacy,,General,
Disposable gloves medium,pair,Pharmacy,150,Private,
Disposable gloves medium,pair,Pharmacy,,General,
Domperidone ,Tablet,Pharmacy,15,Private,
Domperidone ,Tablet,Pharmacy,25,General,
Dopamin 200mg/5ml,Ampoule,Pharmacy,200,Private,
Dopamin 200mg/5ml,Ampoule,Pharmacy,120,General,
DCN – Doxycycline 100mg,Tablet,Pharmacy,20.8,Private,
DCN – Doxycycline 100mg,Tablet,Pharmacy,20,General,
Dyna-Hex (Chlorhexidine) 4%,Gallon,Pharmacy,13000,Private,
Dyna-Hex (Chlorhexidine) 4%,Gallon,Pharmacy,7800,General,
Dynapar spray/diclofenac spray,Each,Pharmacy,6300,Private,
Enalapril 10mg,Tablet,Pharmacy,35,Private,
Enalapril 10mg,Tablet,Pharmacy,30,General,
Enalapril 5mg,Tablet,Pharmacy,20,Private,
Enalapril 5mg,Tablet,Pharmacy,25,General,
Endotracheal tubes 6.5mm,Each,Pharmacy,75,Private,
Endotracheal tubes 6.5mm,Each,Pharmacy,,General,
Endotracheal tubes 6mm,Each,Pharmacy,75,Private,
Endotracheal tubes 6mm,Each,Pharmacy,,General,
Endotracheal tubes 7.5mm,Each,Pharmacy,75,Private,
Endotracheal tubes 7.5mm,Each,Pharmacy,,General,
Endotracheal tubes 7mm,Each,Pharmacy,75,Private,
Endotracheal tubes 7mm,Each,Pharmacy,,General,
Endotracheal tubes 8mm,Each,Pharmacy,75,Private,
Endotracheal tubes 8mm,Each,Pharmacy,,General,
"Ephedrine Hcl 30mg/ml, 1ml",Vial,Pharmacy,1200,Private,
"Ephedrine Hcl 30mg/ml, 1ml",Vial,Pharmacy,1200,General,
Ergometrine 500mcg/ml +Oxytocin 10IU,Ampoule,Pharmacy,2500,Private,
Ergometrine 500mcg/ml +Oxytocin 10IU,Ampoule,Pharmacy,2000,General,
Ergometrine maleate 500mcg/ml,Ampoule,Pharmacy,2500,Private,
Ergometrine maleate 500mcg/ml,Ampoule,Pharmacy,2000,General,
Erythromycin 250mg,Tablet,Pharmacy,55,Private,
Erythromycin 250mg,Tablet,Pharmacy,45,General,
Erythromycin suspension 125mg/5ml,Bottle,Pharmacy,750,Private,
Erythromycin suspension 125mg/5ml,Bottle,Pharmacy,750,General,
Eusol solution,2.5ml,Pharmacy,19500,Private,
Eusol solution,2.5ml,Pharmacy,15600,General,
Ferous sulphate syrup (Iron syrup),Bottle,Pharmacy,1200,Private,
Ferous sulphate syrup (Iron syrup),Bottle,Pharmacy,1000,General,
Ferrous sulphate 200mg,Tablet,Pharmacy,10,Private,
Ferrous sulphate 200mg,Tablet,Pharmacy,15,General,
Fluconazole 200mg,Tablet,Pharmacy,70,Private,
Fluconazole 200mg,Tablet,Pharmacy,200,General,
"Fluconazole 2mg/ml,100ml ",Vial,Pharmacy,1400,Private,
"Fluconazole 2mg/ml,100ml ",Vial,Pharmacy,420,General,
"Fluconazole 2mg/ml,100ml ",Vial,Pharmacy,1100,General,
Folic Acid 5mg,Tablet,Pharmacy,10,Private,
Folic Acid 5mg,Tablet,Pharmacy,15,General,
"Frusemide 10mg/ml, 2ml",Ampoule,Pharmacy,150,Private,
Frusemide 40mg,Tablet,Pharmacy,10,Private,
Frusemide 40mg,Tablet,Pharmacy,15,General,
Gauze roll,roll,Pharmacy,7000,Private,
Gauze roll,roll,Pharmacy,,General,
Gauze square,pack,Pharmacy,2000,Private,
Gauze square,pack,Pharmacy,,General,
"Gentamicin 40mg/ml, 2ml",Ampoule,Pharmacy,120,General,
"Gentamicin 80mg/ml, 2ml",Ampoule,Pharmacy,250,Private,
Gentamycin eye/ear drop,Each,Pharmacy,450,Private,
Gentamycin eye/ear drops,Each,Pharmacy,500,General,
"GV – Gentian violet paint, aqueous 1%",25g,Pharmacy,950,Private,
"GV – Gentian violet paint, aqueous 1%",25g,Pharmacy,900,General,
Giving set iv administration ,Each,Pharmacy,200,Private,
Giving set iv administration ,Each,Pharmacy,,General,
Glibenclamide 5mg,Tablet,Pharmacy,20,Private,
Glibenclamide 5mg,Tablet,Pharmacy,15,General,
Glove surgeon`s size 7 sterile,pair,Pharmacy,200,Private,
Glove surgeon`s size 7 sterile,pair,Pharmacy,,General,
Glove surgeon`s size 7.5 sterile,pair,Pharmacy,200,Private,
Glove surgeon`s size 7.5 sterile,pair,Pharmacy,,General,
glucose test strip,each,Pharmacy,520,Private,
glucose test strip,each,Pharmacy,,General,
Gluteraldehyde soln 2% (Cidex) 5litres,Gallon,Pharmacy,21000,Private,
Gluteraldehyde soln 2% (Cidex) 5litres,Gallon,Pharmacy,18000,General,
Glycerine suppository,Each,Pharmacy,200,Private,
Griseofulvin 500mg,Tablet,Pharmacy,100,Private,
Griseofulvin 500mg,Tablet,Pharmacy,40,General,
Haloperidol 5mg,Tablet,Pharmacy,40,Private,
"Haloperidol 5mg/ml, 1ml",Ampoule,Pharmacy,450,Private,
"Haloperidol 5mg/ml, 1ml",Ampoule,Pharmacy,360,General,
Halothane 250ml,Vial,Pharmacy,35000,Private,
Halothane 250ml,Vial,Pharmacy,30000,General,
health Passport Book,Each,Documentation,200,Private,
health Passport Book,Each,Documentation,150,General,
Heamacell 500ml,Bottle,Pharmacy,8000,Private,
Heamacell 500ml,Bottle,Pharmacy,2000,General,
Hilderm-CH,Each,Pharmacy,1200,Private,
Hydralazine hydrocloride 20mg powder  inj,Ampoule,Pharmacy,1000,Private,
Hydralazine hydrocloride 20mg powder  inj,Ampoule,Pharmacy,750,General,
Hydralazine hydrocloride 25mg,Tablet,Pharmacy,45,Private,
Hydralazine hydrocloride 25mg,Tablet,Pharmacy,40,General,
HCT – Hydrochlorothiazide 25mg,Tablet,Pharmacy,10,Private,
HCT – Hydrochlorothiazide 25mg,Tablet,Pharmacy,15,General,
Hydrocortisone ointment 1%,Each,Pharmacy,750,Private,
Hydrocortisone ointment 1%,Each,Pharmacy,,General,
Hydrocortisone sod succinate iv 100mg/2ml,Ampoule,Pharmacy,750,Private,
"Hydrogen peroxide, 20 vol.",Bottle,Pharmacy,1100,Private,
"Hydrogen peroxide, 20 vol.",Bottle,Pharmacy,700,General,
Buscopan - Hyoscine Butylbromide 10mg,Tablet,Pharmacy,50,Private,
Buscopan – Hyoscine Butylbromide 10mg,Tablet,Pharmacy,25,General,
Ibuprofen 200mg,Tablet,Pharmacy,20,Private,
Ibuprofen 200mg,Tablet,Pharmacy,15,General,
Ichthammol (ichthyol) 10% ointment,Each,Pharmacy,700,Private,
Ichthammol (ichthyol) 10% ointment,Each,Pharmacy, ,General,
Indocid – Indomethacin 25mg,Tablet,Pharmacy,20,Private,
Indocid – Indomethacin 25mg,Tablet,Pharmacy,15,General,
"Insulin Lente 100 IU/ml, 10ml",Vial,Pharmacy,15600,Private,
"Insulin Lente 100 IU/ml, 10ml",Vial,Pharmacy,2000,General,
"Insulin soluble 100 IU/ml, 10ml",Vial,Pharmacy,15600,Private,
"Insulin soluble 100 IU/ml, 10ml",Vial,Pharmacy,2000,General,
Iodine solution (Betadine) 10%,Bottle,Pharmacy,3250,Private,
Iodine solution (Betadine) 10%,Bottle,Pharmacy,1200,General,
Isosorbide dinitrate 10mg,Tablet,Pharmacy,20,Private,
Isosorbide dinitrate 10mg,Tablet,Pharmacy,25,General,
"Ketamine hydrochloride 50mg/ml, 10ml",Vial,Pharmacy,1500,Private,
"Ketamine hydrochloride 50mg/ml, 10ml",Vial,Pharmacy,1000,General,
Ketoconazole 200mg,Tablet,Pharmacy,20,Private,
Ketoconazole 200mg,Tablet,Pharmacy,15,General,
Levofloxacin 250mg,Tablet,Pharmacy,125,Private,
Levofloxacin 250mg,Tablet,Pharmacy,150,General,
"Lidocaine 1%,25ML",Bottle,Pharmacy,550,Private,
"Lidocaine 1%,25ML",Bottle,Pharmacy,500,General,
LIdocaine 2% 30ML,Bottle,Pharmacy,600,Private,
"Lidocaine 2%+epinephrine Dental, 1.8ml",vial,Pharmacy,1050,Private,
"Lidocaine 2%+epinephrine Dental, 1.8ml",vial,Pharmacy,800,General,
"Lidocaine 5%+dextrose7.5%heavy spinal,2ml",Ampoule,Pharmacy,900,Private,
"Lidocaine 5%+dextrose7.5%heavy spinal,2ml",Ampoule,Pharmacy,800,General,
Lidocaine spray,Each,Pharmacy,4800,General,
Liquid Paraffin,Bottle,Pharmacy,1800,Private,
Liquid Paraffin,Bottle,Pharmacy,1800,General,
Lisinopril 10mg,Tablet,Pharmacy,125,Private,
Lisinopril 10mg,Tablet,Pharmacy,150,General,
Loperamide 2mg,Tablet,Pharmacy,20,Private,
Loperamide 2mg,Tablet,Pharmacy,25,General,
LA – Lumefantrine and Artemether 12's,Dose,Pharmacy,2000,Private,
LA – Lumefantrine and Artemether 12's,Dose,Pharmacy,1800,General,
LA – Lumefantrine and Artemether 18's,Dose,Pharmacy,2000,Private,
LA – Lumefantrine and Artemether 18's,Dose,Pharmacy,2200,General,
LA – Lumefantrine and Artemether 24's,Dose,Pharmacy,2000,Private,
LA – Lumefantrine and Artemether 24's,Dose,Pharmacy,2500,General,
LA – Lumefantrine and Artemether 6's,Dose,Pharmacy,2000,Private,
LA – Lumefantrine and Artemether 6's,Dose,Pharmacy,1800,General,
"Magnesium sulphate 50%, 20ml",Vial,Pharmacy,900,Private,
"Magnesium sulphate 50%, 20ml",Vial,Pharmacy,150,General,
Magnesium trisilicate compound,Tablet,Pharmacy,15,Private,
Magnesium trisilicate compound,Tablet,Pharmacy,15,General,
Mask face disposable paper 2-ply,50,Pharmacy,850,Private,
Mask face disposable paper 2-ply,50,Pharmacy,,General,
Mefenamic acid 250mg,Tablet,Pharmacy,30,Private,
Mefenamic acid 250mg,Tablet,Pharmacy,25,General,
Metformin 500mg,Tablet,Pharmacy,50,Private,
Metformin 500mg,Tablet,Pharmacy,15,General,
Metformin 850mg,Tablet,Pharmacy,50,Private,
Metformin 850mg,Tablet,Pharmacy,15,General,
Methylated Spirit 1000ml,Gallon,Pharmacy,16650,Private,
Methylated Spirit 1000ml,Gallon,Pharmacy,15600,General,
Methyldopa 250mg,Tablet,Pharmacy,80,Private,
Methyldopa 250mg,Tablet,Pharmacy,20,General,
Metoclopramide 10mg,Tablet,Pharmacy,30,Private,
Metoclopramide 10mg,Tablet,Pharmacy,15,General,
Metoclopramide 10mg/2ml inj,Ampoule,Pharmacy,300,Private,
Metoclopramide 10mg/2ml inj,Ampoule,Pharmacy,150,General,
Flagyl – Metronidazole 200mg,Tablet,Pharmacy,20,Private,
Flagyl – Metronidazole 200mg,Tablet,Pharmacy,20,General,
"Flagyl – Metronidazole iv 5mg/ml, 100ml",Bottle,Pharmacy,750,Private,
"Flagyl – Metronidazole iv 5mg/ml, 100ml",Bottle,Pharmacy,400,General,
Flagyl – Metronidazole oral suspension 200mg/5ml,Bottle,Pharmacy,600,Private,
Flagyl – Metronidazole oral suspension 200mg/5ml,Bottle,Pharmacy,700,General,
Miconazole cream,Each,Pharmacy,650,Private,
Miconazole cream,Each,Pharmacy,750,General,
Microgynon Fe,cycle,Pharmacy,900,Private,
Microgynon Fe,cycle,Pharmacy,900,General,
Misoprostol,Tablet,Pharmacy,210,Private,
Misoprostol,Tablet,Pharmacy,250,General,
"Naloxone 0.4mg/ml, 1ml",Ampoule,Pharmacy,650,Private,
"Naloxone 0.4mg/ml, 1ml",Ampoule,Pharmacy,450,General,
Neostigmine 2.5mg/ml,Ampoule,Pharmacy,1600,Private,
Neostigmine 2.5mg/ml,Ampoule,Pharmacy,900,General,
Nifedipine 10mg,Tablet,Pharmacy,25,Private,
Nifedipine 10mg,Tablet,Pharmacy,20,General,
Nifedipine 20mg,Tablet,Pharmacy,30,Private,
Nifedipine 20mg,Tablet,Pharmacy,25,General,
Nitrofurantoin 100mg,Tablet,Pharmacy,60,Private,
Nitrofurantoin 100mg,Tablet,Pharmacy,15,General,
Nitroglycerine 0.5mg (glyceryl trinitrate),Tablet,Pharmacy,45,Private,
Nitroglycerine 0.5mg (glyceryl trinitrate),Tablet,Pharmacy,40,General,
Norethesterone 5mg,Tablet,Pharmacy,350,Private,
Norethesterone 5mg,Tablet,Pharmacy,300,General,
Nylon monofilament -2/0,12,Pharmacy,13000,Private,
Nylon monofilament -2/0,12,Pharmacy,,General,
Nylon monofilament 1,12,Pharmacy,13000,Private,
Nylon monofilament 1,12,Pharmacy,,General,
Nylon monofilament 2,12,Pharmacy,13000,Private,
Nylon monofilament 2,12,Pharmacy,,General,
"Nystatin oral suspension 100,000 IU/dose",Bottle,Pharmacy,800,Private,
"Nystatin oral suspension 100,000 IU/dose",Bottle,Pharmacy,450,General,
"Nystatin pessaries 100,000 IU",Pack,Pharmacy,600,Private,
"Nystatin pessaries 100,000 IU",Pack,Pharmacy,850,General,
Omeprazole 20mg,Tablet,Pharmacy,60,Private,
Omeprazole 20mg,Tablet,Pharmacy,60,General,
ORS – Oral rehydration sachet for 1L solution,sachet,Pharmacy,200,Private,
ORS – Oral rehydration sachet for 1L solution,sachet,Pharmacy,150,General,
"Oxytocin 10 IU/ml, 1ml",Ampoule,Pharmacy,100,Private,
"Oxytocin 10 IU/ml, 1ml",Ampoule,Pharmacy,150,General,
PCM – Paracetamol  syrup 120mg/5ml,Bottle,Pharmacy,500,Private,
PCM – Paracetamol  syrup 120mg/5ml,Bottle,Pharmacy,400,General,
PCM – Paracetamol 500mg,Tablet,Pharmacy,20,Private,
PCM – Paracetamol 500mg,Tablet,Pharmacy,15,General,
PCM – Paracetamol suppository child,Each,Pharmacy,200,Private,
PCM – Paracetamol suppository child,Each,Pharmacy,150,General,
Paradehyde inj,Ampoule,Pharmacy,15600,Private,
Paradehyde inj,Ampoule,Pharmacy,10000,General,
Penicillin V 250mg,Tablet,Pharmacy,30,Private,
Penicillin V 250mg,Tablet,Pharmacy,20,General,
Pethidine hydrochloride 100mg,Ampoule,Pharmacy,2000,Private,
Pethidine hydrochloride 100mg,Ampoule,Pharmacy,2000,General,
Phenobarbitone 30mg ,Tablet,Pharmacy,10,Private,
Phenobarbitone 30mg ,Tablet,Pharmacy,15,General,
Phenobarbitone inj,Ampoule,Pharmacy,1000,Private,
Phenobarbitone inj,Ampoule,Pharmacy,600,General,
Phenytoin 25mg,Tablet,Pharmacy,20.8,Private,
Phenytoin 25mg,Tablet,Pharmacy,20,General,
Pill bags,Each,Pharmacy,11,Private,
Pill bags,Each,Pharmacy,,General,
"Plaster, zinc oxide 7.5cm",Each,Pharmacy,850,Private,
"Plaster, zinc oxide 7.5cm",Each,Pharmacy,,General,
Podophyllin paint 10ml,Bottle,Pharmacy,3300,Private,
Podophyllin paint 10ml,Bottle,Pharmacy,1800,General,
Potassium Chloride(slow K) 600mg ,Tablet,Pharmacy,65,Private,
Potassium Chloride(slow K) 600mg ,Tablet,Pharmacy,50,General,
Praziquantel 600mg,Tablet,Pharmacy,150,Private,
Praziquantel 600mg,Tablet,Pharmacy,120,General,
Prednisolone 5mg,Tablet,Pharmacy,30,Private,
Prednisolone 5mg,Tablet,Pharmacy,15,General,
Proguanil 100mg,Tablet,Pharmacy,20,Private,
Proguanil 100mg,Tablet,Pharmacy,20,General,
Promethazine hydrochloride 25mg,Tablet,Pharmacy,20,Private,
Promethazine hydrochloride 25mg,Tablet,Pharmacy,25,General,
"Promethazine hydrochloride 25mg/ml, 2ml",Ampoule,Pharmacy,450,Private,
"Promethazine hydrochloride 25mg/ml, 2ml",Ampoule,Pharmacy,150,General,
Propofol inj,Ampoule,Pharmacy,9750,Private,
Propofol inj,Ampoule,Pharmacy,1600,General,
Propranolol 40mg,Tablet,Pharmacy,20,Private,
Propranolol 40mg,Tablet,Pharmacy,15,General,
Pyridoxine (Vitamin B6) 20mg,Tablet,Pharmacy,10,Private,
Pyridoxine (Vitamin B6) 20mg,Tablet,Pharmacy,15,General,
Quardem cream,Each,Pharmacy,750,Private,
Quardem cream,Each,Pharmacy,900,General,
"Quinine dihydrochloride 300mg/ml, 2ml",Ampoule,Pharmacy,350,Private,
"Quinine dihydrochloride 300mg/ml, 2ml",Ampoule,Pharmacy,300,General,
Quinine hydrochloride 300mg,Tablet,Pharmacy,70,Private,
Quinine hydrochloride 300mg,Tablet,Pharmacy,60,General,
Ranitidine 150mg,Tablet,Pharmacy,20,Private,
Ranitidine 150mg,Tablet,Pharmacy,15,General,
Salbutamol 4mg,Tablet,Pharmacy,20,Private,
Salbutamol nebuliser,Ampoule,Pharmacy,1000,Private,
Salbutamol nebuliser,Ampoule,Pharmacy,1000,General,
"Salbutamol sulphate inhalation, 100mcg/d",Bottle,Pharmacy,2500,General,
Salbutamol syrup,Bottle,Pharmacy,800,Private,
Salbutamol syrup,Bottle,Pharmacy,700,General,
"Salbutamol/ventolin sulphate inhalation, 100mcg/d",Bottle,Pharmacy,2500,Private,
Scalpel blade size 11,Each,Pharmacy,45,Private,
Scalpel blade size 11,Each,Pharmacy,,General,
Scalpel blade size 15,Each,Pharmacy,45,Private,
Scalpel blade size 15,Each,Pharmacy,,General,
Scalpel blade size 20,Each,Pharmacy,45,Private,
Scalpel blade size 20,Each,Pharmacy,,General,
Scalpel blade size 21,Each,Pharmacy,45,Private,
Scalpel blade size 21,Each,Pharmacy,,General,
Scalpel blade size 6,Each,Pharmacy,45,Private,
Scalpel blade size 6,Each,Pharmacy,,General,
Scapel blade size 22,Each,Pharmacy,45,Private,
Scapel blade size 22,Each,Pharmacy,,General,
Scapel blade size 24,Each,Pharmacy,45,Private,
Scapel blade size 24,Each,Pharmacy,,General,
Scapel blade sze 23,Each,Pharmacy,45,Private,
Scapel blade sze 23,Each,Pharmacy,,General,
Silver nitrate pencil,Each,Pharmacy,6300,Private,
Silver nitrate pencil,Each,Pharmacy,5000,General,
Silver sulphadiazine cream 1%,tube,Pharmacy,750,Private,
Silver sulphadiazine cream 1%,Tube,Pharmacy,750,General,
"Sodium chloride 0.9%, 1000ml",Bottle,Pharmacy,1900,Private,
"Sodium chloride 0.9%, 1000ml",Bottle,Pharmacy,1500,General,
Sodium lactate cpd (Ringer`s lactate)1000ml,Bottle,Pharmacy,1900,Private,
Sodium lactate cpd (Ringer`s lactate)1000ml,Bottle,Pharmacy,1500,General,
SP (Sulphadox 500mg/ pyrimetha 25mg),Tablet,Pharmacy,20,Private,
SP (Sulphadox 500mg/ pyrimetha 25mg),Tablet,Pharmacy,10,General,
Spinal needles G20,Each,Pharmacy,350,Private,
Spinal needles G20,Each,Pharmacy,,General,
Spinal needles G22 ,Each,Pharmacy,350,Private,
Spinal needles G22 ,Each,Pharmacy,,General,
Spironolactone 25mg,Tablet,Pharmacy,60,Private,
Spironolactone 25mg,Tablet,Pharmacy,40,General,
Suxamethonium 100mg/2ml,Ampoule,Pharmacy,550,Private,
Suxamethonium 100mg/2ml,Tablet,Pharmacy,15,General,
Suxamethonium 100mg/2ml,Ampoule,Pharmacy,450,General,
Syringe insulin 100 IU with needle ,Each,Pharmacy,200,Private,
Syringe insulin 100 IU with needle ,Each,Pharmacy,,General,
"Syringe, 10ml",Each,Pharmacy,120,Private,
"Syringe, 10ml",Each,Pharmacy,,General,
"Syringe, 20ml, disposable",Each,Pharmacy,250,Private,
"Syringe, 20ml, disposable",Each,Pharmacy,,General,
"Syringe,5ml, disposable",Each,Pharmacy,75,Private,
"Syringe,5ml, disposable",Each,Pharmacy,,General,
"Syringes 2ml,disposable",Each,Pharmacy,75,Private,
"Syringes 2ml,disposable",Each,Pharmacy,,General,
Telmisartan 40mg and amlodipine 5mg,Tablet,Pharmacy,100,Private,
Telmisartan 40mg and amlodipine 5mg,Tablet,Pharmacy,40,General,
Tetracycline eye ointment 1% (TEO),Each,Pharmacy,350,Private,
Tetracycline eye ointment 1% (TEO),Each,Pharmacy,350,General,
"Thiopentone sodium 500mg, PFR",Vial,Pharmacy,2000,Private,
"Thiopentone sodium 500mg, PFR",Vial,Pharmacy,1000,General,
Tramadol+paracetamol tabs,Tablet,Pharmacy,100,Private,
Tramadol+paracetamol tabs,Tablet,Pharmacy,40,General,
Transfusion set blood administration ,Each,Pharmacy,200,Private,
Transfusion set blood administration ,Each,Pharmacy,,General,
Triamcinolone 40mg inj,Vial,Pharmacy,3500,Private,
Triamcinolone 40mg inj,Vial,Pharmacy,3500,General,
Tripple Action cream,Each,Pharmacy,1200,Private,
Tube feeding CH 16,Each,Pharmacy,250,Private,
Tube feeding CH 16,Each,Pharmacy,,General,
"Tube, feeding CH 12",Each,Pharmacy,250,Private,
"Tube, feeding CH 12",Each,Pharmacy,,General,
"Tube, feeding CH 14",Each,Pharmacy,250,Private,
"Tube, feeding CH 14",Each,Pharmacy,,General,
"Tube, feeding CH 6",Each,Pharmacy,250,Private,
"Tube, feeding CH 6",Each,Pharmacy,,General,
"Tube, feeding CH 8",Each,Pharmacy,250,Private,
"Tube, feeding CH 8",Each,Pharmacy,,General,
Vagid cl,Pack,Pharmacy,2250,Private,
Vecuronium bromide,Vial,Pharmacy,20385,Private,
Vecuronium bromide,Vial,Pharmacy,16000,General,
Vicry2  ,12,Pharmacy,13000,Private,
Vicry2  ,12,Pharmacy,,General,
Vicryl 2-0 absorbable,12,Pharmacy,13000,Private,
Vicryl 2-0 absorbable,12,Pharmacy,,General,
Vicryl 3/0   V 393-H absorbable,12,Pharmacy,13000,Private,
Vicryl 3/0   V 393-H absorbable,12,Pharmacy,,General,
"Vicryl coated 1 on rev cut needle, ",12,Pharmacy,13000,Private,
"Vicryl coated 1 on rev cut needle, ",12,Pharmacy,,General,
Vitamin B complex strong,Tablet,Pharmacy,25,Private,
Vitamin B complex strong,Tablet,Pharmacy,20,General,
Vitamin K inj 10mg/ml,Vial,Pharmacy,250,Private,
Vitamin K inj 10mg/ml,Vial,Pharmacy,250,General,
"Vitamin, multiple   ",Tablet,Pharmacy,25,Private,
"Vitamin, multiple   ",Tablet,Pharmacy,20,General,
Warfarin 5mg,Tablet,Pharmacy,60,Private,
Warfarin 5mg,Tablet,Pharmacy,30,General,
"Water for injections, 10ml",Vial,Pharmacy,65,Private,
"Water for injections, 10ml",Vial,Pharmacy,70,General,
Whitfield ointment compound,Each,Pharmacy,1000,Private,
Whitfield ointment compound,Each,Pharmacy,750,General,
Zinc tablets 20mg,Tablet,Pharmacy,40,Private,
Zinc tablets 20mg,Tablet,Pharmacy,30,General,
24 hr VMA assay,,Laboratory,1000,General,
24 hr VMA assay,,Laboratory,4000,Private,
ABO Anti-D,,Laboratory,1000,General,
"ABO,Anti A & B",,Laboratory,1000,General,
acid alcohol fast bacilli,,Laboratory,1000,General,
acid alcohol fast bacilli,,Laboratory,3000,Private,
acid phosphates,,Laboratory,1000,General,
acid phosphates,,Laboratory,2000,Private,
AFI,,Laboratory,1000,General,
AFI,,Laboratory,4500,Private,
albumin,,Laboratory,1500,General,
albumin,,Laboratory,2000,Private,
alcohol blood vessels,,Laboratory,1000,General,
alcohol blood vessels,,Laboratory,3600,Private,
Alkaline Phosphate,,Laboratory,1000,General,
Alkaline Phosphate,,Laboratory,2000,Private,
alpha feto-protein (AFP),,Laboratory,1000,General,
alpha feto-protein (AFP),,Laboratory,7200,Private,
ALT/SGOT/100,,Laboratory,2500,General,
amylase,,Laboratory,1000,General,
amylase,,Laboratory,1500,Private,
ANF,,Laboratory,1000,General,
ANF,,Laboratory,9000,Private,
antistreptolysin – O,,Laboratory,1000,General,
antistreptolysin – O,,Laboratory,1500,Private,
AST/SGOT/100,,Laboratory,1000,General,
bense jones proteins,,Laboratory,1000,General,
bense jones proteins,,Laboratory,2000,Private,
biriribin (total and direct),,Laboratory,2000,General,
biriribin (total and direct),,Laboratory,1500,Private,
birirubinuaria,,Laboratory,1000,General,
birirubinuaria,,Laboratory,2000,General,
bleeding time,,Laboratory,1000,General,
bleeding time,,Laboratory,2000,Private,
blood cross-mach,,Laboratory,2000,General,
blood cross-mach,,Laboratory,5500,Private,
blood culture and sensitivity,,Laboratory,1500,General,
blood culture and sensitivity,,Laboratory,5500,Private,
blood group and rhesus status,,Laboratory,1000,General,4
blood group and rhesus status,,Laboratory,2000,Private,
BUN – blood urea nitrogen,,Laboratory,2500,General,
BUN – blood urea nitrogen,,Laboratory,2000,Private,
brucella,,Laboratory,1000,General,
brucella,,Laboratory,2000,Private,
C- reactive protein,,Laboratory,1000,General,
C- reactive protein,,Laboratory,1500,Private,
Calcium,,Laboratory,1500,General,
calcium,,Laboratory,2000,Private,
carbon dioxide,,Laboratory,1000,General,
carbon dioxide,,Laboratory,2000,Private,
CD4 count,,Laboratory,1000,General,
CD4 count,,Laboratory,1800,Private,
Celebrospinal fluid,,Laboratory,6000,Private,
Chloride,,Laboratory,1000,General,
chloride,,Laboratory,2000,Private,
cholesterol,,Laboratory,2000,General,
cholesterol,,Laboratory,2000,Private,
CK-MB,,Laboratory,4500,Private,
coombs-direct and indirect,,Laboratory,1000,General,
coombs-direct and indirect,,Laboratory,2000,Private,
Crag,,Laboratory,4000,Private,
creatinine,,Laboratory,3500,General,8
creatinine,,Laboratory,2000,Private,
CRP,,Laboratory,6000,Private,
CRP,,Laboratory,3000,General,
culture,,Laboratory,1000,General,
culture,,Laboratory,3000,Private,
CVM,,Laboratory,1000,General,
CVM,,Laboratory,10800,Private,
DBIL- ,,Laboratory,2500,Private,
differential only,,Laboratory,1000,General,
differential only,,Laboratory,2000,Private,
Urine Dipstick,,Laboratory,2000,Private,
eosinophil count,,Laboratory,800,General,
eosinophil count,,Laboratory,2000,Private,
epillim and tegretol blood vessels,,Laboratory,1000,General,
epillim and tegretol blood vessels,,Laboratory,3600,Private,
erythomatosus cells,,Laboratory,800,General,
erythomatosus cells,,Laboratory,1500,Private,
erythrocyte count,,Laboratory,800,General,
erythrocyte count,,Laboratory,2000,Private,
ESR,,Laboratory,1000,General,
ESR,,Laboratory,2000,Private,
folate,,Laboratory,1000,General,
folate,,Laboratory,3600,Private,
free iron,,Laboratory,1000,General,
free iron,,Laboratory,3600,Private,
FBC (Full Blood Count),,Laboratory,1000,General,1
FBC (Full Blood Count),,Laboratory,3000,Private,
gamma glutamyl transferase,,Laboratory,1000,General,
gamma glutamyl transferase,,Laboratory,1500,Private,
GGT –,,Laboratory,3000,Private,
GGT –,,Laboratory,2500,General,
Globulin,,Laboratory,1000,General,
Globulin,,Laboratory,2000,Private,
Sugar -  glucose,,Laboratory,1500,General,5
Sugar – glucose,,Laboratory,1500,Private,
glucose tolerance test,,Laboratory,1000,General,
glucose tolerance test,,Laboratory,3000,Private,
glucossuria,,Laboratory,1000,General,
glucossuria,,Laboratory,2000,Private,
gram stain,,Laboratory,1000,General,
gram stain,,Laboratory,3000,Private,
haematocrit,,Laboratory,800,General,
haematocrit,,Laboratory,2000,Private,
haematuria,,Laboratory,1000,General,
haematuria,,Laboratory,2000,Private,
Haemoglobin (HB),,Laboratory,800,General,
Haemoglobin (HB),,Laboratory,2000,Private,
HBsAg,,Laboratory,1000,General,
HBsAg,,Laboratory,2000,Private,
HCV,,Laboratory,1000,General,
HCV,,Laboratory,2000,Private,
HDL,,Laboratory,,Private,
HDL,,Laboratory,3500,General,
hepatitis A,,Laboratory,1000,General,
hepatitis A,,Laboratory,2000,Private,
Hepatitis B,,Laboratory,1000,General,
Hepatitis B,,Laboratory,2000,Private,
Hepatitis C,,Laboratory,1000,General,
Hepatitis C,,Laboratory,2000,Private,
herpes abs,,Laboratory,1000,General,
herpes abs,,Laboratory,7200,Private,
histology,,Laboratory,5400,Private,
histology (Biopsy),,Laboratory,4500,General,
HIV (elisa),,Laboratory,1500,General,
HIV (elisa),,Laboratory,3000,Private,
HIV (rapid),,Laboratory,1000,General,
HIV (rapid),,Laboratory,2000,Private,
HIV (western blot),,Laboratory,1500,General,
HIV (western blot),,Laboratory,6000,Private,
india ink,,Laboratory,1000,General,
india ink,,Laboratory,3500,Private,
Infectious mononucleosis,,Laboratory,1000,General,
Infectious mononucleosis,,Laboratory,2000,Private,
ketonuria,,Laboratory,1000,General,
ketonuria,,Laboratory,2000,Private,
lactate dehydrogenase,,Laboratory,1000,General,
lactate dehydrogenase,,Laboratory,1500,Private,
LDH,,Laboratory,1000,General,
LDH,,Laboratory,1500,Private,
LDL,,Laboratory,3500,Private,
lee white coagulation time,,Laboratory,800,General,
lee white coagulation time,,Laboratory,1500,Private,
LH,,Laboratory,1000,General,
LH,,Laboratory,4500,Private,
Lipase,,Laboratory,4500,Private,
Lipase,,Laboratory,5000,General,
lithium,,Laboratory,1000,General,
lithium,,Laboratory,2000,Private,
lupus,,Laboratory,800,General,
lupus,,Laboratory,1500,Private,
BF – malaria parasite smear,,Laboratory,500,General,3
mRDT,,Laboratory,500,General,2
BF – malaria parasite smear,,Laboratory,1000,Private,
mRDT,,Laboratory,500,Private,
midnight blood smear for filariasis,,Laboratory,1000,General,
midnight blood smear for filariasis,,Laboratory,1500,Private,
oestradiol,,Laboratory,1000,General,
oestradiol,,Laboratory,4500,Private,
other culture and sensitivities,,Laboratory,1000,General,
other culture and sensitivities,,Laboratory,5500,Private,
other haemo parasite smear,,Laboratory,1000,General,
other haemo parasite smear,,Laboratory,2000,Private,
pap smear,,Laboratory,1000,General,
pap smear,,Laboratory,3600,Private,
Peripheral Blood film,,Laboratory,1000,General,
Peripheral blood film/smear/PBF/PBS),,Laboratory,5000,Private,
phenytoin blood vessels,,Laboratory,1000,General,
phenytoin blood vessels,,Laboratory,3600,Private,
platelet count,,Laboratory,800,General,
platelet count,,Laboratory,1500,Private,
potassium,,Laboratory,1000,General,
Potassium,,Laboratory,1000,General,
potassium,,Laboratory,2000,Private,
pregnancy test,,Laboratory,1000,General,
pregnancy test,,Laboratory,2000,Private,
proclatin,,Laboratory,1000,General,
proclatin,,Laboratory,5400,Private,
progesterone,,Laboratory,1000,General,
progesterone,,Laboratory,6300,Private,
Prostatic specific antigen (PSA),,Laboratory,6300,Private,
Prostatic specific antigen (PSA),,Laboratory,6300,General,
protein total,,Laboratory,1000,General,
protein total,,Laboratory,1500,Private,
prothrombin time,,Laboratory,1000,General,
prothrombin time,,Laboratory,1500,Private,
PSA,,Laboratory,5250,General,
PT,,Laboratory,1000,General,
rectal snip exam,,Laboratory,1000,General,
rectal snip exam,,Laboratory,2000,Private,
red cell indicesruticulocyte count,,Laboratory,1500,Private,
reticulocyte count ,,Laboratory,1000,General,
RF specific Protein,,Laboratory,4000,Private,
rheumatoid factor (RF),,Laboratory,4500,General,
rheumatoid factor,,Laboratory,2000,Private,
schistosoma igG,,Laboratory,1000,General,
schistosoma igG,,Laboratory,2000,Private,
schistosoma igM,,Laboratory,1000,General,
schistosoma igM,,Laboratory,2000,Private,
SD CHECK/25,,Laboratory,2000,Private,
sediment microscopy,,Laboratory,1000,General,
sediment microscopy,,Laboratory,2000,Private,
semen analysis,,Laboratory,1000,General,
semen analysis,,Laboratory,3000,Private,
SGOT – AST,,Laboratory,1000,General,
SGOT – AST,,Laboratory,1500,Private,
SGPT – ALT,,Laboratory,1000,General,
SGPT – ALT,,Laboratory,2000,Private,
SH,,Laboratory,1000,General,
SH,,Laboratory,4500,Private,
sickle cell test,,Laboratory,1000,General,10
sickle cell test,,Laboratory,1500,Private,
sodium,,Laboratory,1000,General,
Sodium,,Laboratory,1000,General,
sodium,,Laboratory,2000,Private,
specific gravity,,Laboratory,1000,General,
specific gravity,,Laboratory,2000,Private,
stool microscopy,,Laboratory,1000,General,
stool microscopy,,Laboratory,2000,Private,
stool ocult blood,,Laboratory,1000,General,
stool ocult blood,,Laboratory,2000,Private,
T. Protein,,Laboratory,1000,General,
T3,,Laboratory,4500,General,
T3,,Laboratory,9000,Private,
T4,,Laboratory,4500,General,
T4,,Laboratory,9000,Private,
TBIL- ,,Laboratory,2500,Private,
testestorone,,Laboratory,1000,General,
testestorone,,Laboratory,3600,Private,
Thyronine T4,,Laboratory,1000,General,
Thyronine T4,,Laboratory,5400,Private,
tri-iodo- thyronine (T3),,Laboratory,1000,General,
tri-iodo- thyronine (T3),,Laboratory,5400,Private,
triglycerides,,Laboratory,3000,General,
triglycerides,,Laboratory,2000,Private,
TSH,,Laboratory,1000,General,
TSH,,Laboratory,9000,Private,
Urea/100,,Laboratory,1000,General,7
uric acid,,Laboratory,2000,General,
uric acid,,Laboratory,2000,Private,
urinalysis ( full report),,Laboratory,1000,General,5
urinalysis ( full report),,Laboratory,2000,Private,
urine microscopy,,Laboratory,1000,General,
urine microscopy,,Laboratory,2000,Private,
urobilinogen,,Laboratory,1000,General,
urobilinogen,,Laboratory,2000,Private,
VDRL – Syphilis ,,Laboratory,1000,General,9
VDRL – Syphilis,,Laboratory,2000,Private,
viral load,,Laboratory,1000,General,
viral load,,Laboratory,10800,Private,
vitamin B12,,Laboratory,1000,General,
vitamin B12,,Laboratory,4500,Private,
wet prep – T. vag,,Laboratory,1000,General,
wet prep – T. vag,,Laboratory,3000,Private,
white cell count,,Laboratory,1000,General,
white cell count,,Laboratory,1500,Private,
Typhoid Test – widal,,Laboratory,1000,General,6
Typhoid Test – widal,,Laboratory,2000,Private,
Xray Abdomen (Erect & Spine),,Radiology,3000,General,4
Xray Abdomen (Erect & Spine),,Radiology,9000,Private,
Abdomen (KUB),,Radiology,3000,General,
Abdomen (KUB),,Radiology,7500,Private,
Abdominal Ultrasound scan,,Radiology,2500,General,2
Abdominal Ultrasound scan,,Radiology,7500,Private,
Barium Enema,,Radiology,20000,General,
Barium Enema,,Radiology,60000,Private,
BARIUM FOLLOW THROUGH,,Radiology,10000,General,
BARIUM FOLLOW THROUGH,,Radiology,30000,Private,
BARIUM MEAL,,Radiology,8000,General,
BARIUM MEAL,,Radiology,18000,Private,
BARIUM SWALLOW,,Radiology,8000,General,
BARIUM SWALLOW,,Radiology,18000,Private,
Breast Ultrasound ,,Radiology,2500,General,
Breast Ultrasound ,,Radiology,7500,Private,
C-ARM EXAMINATIONS,,Radiology,30000,Private,
Cardiac,,Radiology,2500,General,
Cardiac,,Radiology,7500,Private,
Xray Neck – Cervical Spine (AP & LAT),,Radiology,3000,General,
Xray Neck – Cervical Spine (AP & LAT),,Radiology,9000,Private,
Chest Xray  (Lateral views),,Radiology,3000,General,
Chest Xray (Lateral views),,Radiology,9000,Private,
Chest Xray  (PA & PA Views),,Radiology,3000,General,1
Chest Xray (PA & PA Views),,Radiology,9000,Private,
Chest Xray (Portable),,Radiology,3000,General,
Chest Xray (Portable),,Radiology,9000,Private,
COMPACT DISC FOR XRAY REPORT,,Radiology,,Private,
CT ABDO + IV & ORAL CONTRAST,,Radiology,"115, 000.00",Private,
CT ABDO + IV & ORAL CONTRAST,,Radiology,115000,Private,
CT ABDOMEN,,Radiology,"90, 000.00",Private,
CT ABDOMEN,,Radiology,90000,Private,
CT Abdomen (Plain),,Radiology,18000,General,
CT Abdomen (Plain),,Radiology,30000,General,
CT Abdomen + Oral +IV Contrast,,Radiology,25200,General,
CT Abdomen + Oral +IV Contrast,,Radiology,42000,General,
CT Abdomen + Oral/IV Contrast,,Radiology,0,General,
CT Abdomen + Oral/IV Contrast,,Radiology,23400,General,
CT ABDOMEN +IV CONTRAST,,Radiology,"100, 000.00",Private,
CT ABDOMEN +IV CONTRAST,,Radiology,100000,Private,
CT BRAIN + CONTRAST,,Radiology,"100, 000.00",Private,
CT BRAIN + CONTRAST,,Radiology,"100, 000.00",Private,
CT Brain + IV Contrast,,Radiology,0,General,
CT Brain + IV Contrast,,Radiology,19800,General,
CT BRAIN/ SKULL,,Radiology,"80, 000.00",Private,
CT BRAIN/ SKULL,,Radiology,"80, 000.00",Private,
CT Brain/Skull/Head,,Radiology,14400,General,
CT Brain/Skull/Head,,Radiology,24000,General,
CT C- Spine,,Radiology,0,General,
CT C- Spine,,Radiology,19800,General,
CT C-SPINE ,,Radiology,"90, 000.00",Private,
CT C-SPINE ,,Radiology,90000,Private,
CT Chest,,Radiology,18000,General,
CT Chest,,Radiology,30000,General,
CT CHEST,,Radiology,"100, 000.00",Private,
CT CHEST,,Radiology,100000,Private,
CT CHEST + CONTRAST,,Radiology,"120, 000.00",Private,
CT CHEST + CONTRAST,,Radiology,120000,Private,
CT Chest + IV Contrast,,Radiology,0,General,
CT Chest + IV Contrast,,Radiology,23400,General,
CT L/S - Spine,,Radiology,0,General,
CT L/S - Spine,,Radiology,19800,General,
CT Lower Extremity & Joints,,Radiology,0,General,
CT Lower Extremity & Joints,,Radiology,18000,General,
CT Lower Extremity + IV Contrast,,Radiology,0,General,
CT Lower Extremity + IV Contrast,,Radiology,19800,General,
CT Lumbar Myeologram,,Radiology,0,General,
CT Lumbar Myeologram,,Radiology,23400,General,
CT LUMBER ,,Radiology,"90, 000.00",Private,
CT LUMBER ,,Radiology,90000,Private,
CT MYEROGRAM ,,Radiology,120000,Private,
CT NECK ( TISSUE),,Radiology,"80, 000.00",Private,
CT Neck (Soft tissue),,Radiology,18000,General,
CT Neck (Soft tissue),,Radiology,30000,General,
CT NECK (SOFT TISSUE),,Radiology,"80, 000.00",Private,
CT Neck + IV Contrast,,Radiology,0,General,
CT Neck + IV Contrast,,Radiology,18600,General,
CT NECK +IV CONTRAST,,Radiology,"100, 000.00",Private,
CT NECK +IV CONTRAST,,Radiology,100000,Private,
CT Orbits,,Radiology,0,General,
CT Orbits,,Radiology,14400,General,
CT ORBITS,,Radiology,"60, 000.00",Private,
CT ORBITS,,Radiology,"60, 000.00",Private,
CT Pelvis,,Radiology,18000,General,
CT Pelvis,,Radiology,30000,General,
CT PELVIS,,Radiology,70000,Private,
CT PELVIS,,Radiology,70000,Private,
CT PELVIS + CONTRAST,,Radiology,80000,Private,
CT PELVIS + CONTRAST,,Radiology,80000,Private,
CT Pelvis +Contrast,,Radiology,0,General,
CT Pelvis +Contrast,,Radiology,23400,General,
CT Sinuses,,Radiology,14400,General,
CT Sinuses,,Radiology,24000,General,
CT SINUSES,,Radiology,"60, 000.00",Private,
CT SINUSES,,Radiology,"60, 000.00",Private,
CT T- Spine,,Radiology,0,General,
CT T- Spine,,Radiology,19800,General,
CT T-SPINE,,Radiology,"90, 000.00",Private,
CT T-SPINE,,Radiology,90000,Private,
CT UPPER AND LOWER EXTRIMITIES,,Radiology,80000,Private,
CT UPPER AND LOWER EXTRIMITIES,,Radiology,80000,Private,
CT Upper Extremity & Joints,,Radiology,0,General,
CT Upper Extremity & Joints,,Radiology,18000,General,
CT Upper Extremity + IV Contrast,,Radiology,0,General,
CT Upper Extremity + IV Contrast,,Radiology,19800,General,
Elbow Xray (AP & LAT View),,Radiology,3000,General,
Elbow  Xray (AP & LAT View),,Radiology,9000,Private,
Facial Bones Xray,,Radiology,3000,General,
Facial Bones Xray,,Radiology,9000,Private,
Femur Xray (AP & LAT Views),,Radiology,3000,General,
Femur Xray  (AP & LAT Views),,Radiology,9000,Private,
Forearm Xray (AP & LAT Views),,Radiology,3000,General,
Forearm Xray (AP & LAT Views),,Radiology,9000,Private,
GASTROGRAPHIC SWALLOW,,Radiology,30000,Private,
Hand Xray (AP & LAT Views),,Radiology,3000,General,
Hand Xray (AP & LAT Views),,Radiology,9000,Private,
HYSTEROSALPINGOGRAM(HSG),,Radiology,37500,Private,
INTRAVENOUS URUGRAPHY (IVP/IUP),,Radiology,52500,Private,
Knee Xray (AP & LAT Views),,Radiology,3000,General,
Knee Xray (AP & LAT Views),,Radiology,9000,Private,
KUB,,Radiology,2500,General,
Lumbar Spine Xray  (AP & LAT Views),,Radiology,3000,General,4
Lumbar Spine Xray (AP & LAT Views),,Radiology,9000,Private,5
Mandible  Xray (AP & Oblique Views),,Radiology,3000,General,
Mandible Xray (AP & Oblique Views),,Radiology,9000,Private,
MICTURATING URETHROGRAM,,Radiology,37500,Private,
MYELOGRAM,,Radiology,45000,Private,
Obstetrics Ultrasound Scan,,Radiology,2500,General,6
Obstetrics Ultrasound Scan,,Radiology,7500,Private,
Orbits,,Radiology,3000,General,
Orbits,,Radiology,9000,Private,
Others,,Radiology,2500,General,
Others,,Radiology,7500,Private,
Pelvic ultrasound scan,,Radiology,2500,General,7
Pelvic/PELVIS ultrasound scan,,Radiology,7500,Private,
Pelvis Xray,,Radiology,3000,General,8
Pelvis Xray,,Radiology,9000,Private,
Renal,,Radiology,7500,Private,
RETROGRADE CYSTO-URETHROGRAM,,Radiology,37500,Private,
Scapula Xray,,Radiology,3000,General,
Scapula Xray,,Radiology,9000,Private,
Shoulder Xray,,Radiology,3000,General,
Shoulder Xray,,Radiology,9000,Private,
SINOGRAM,,Radiology,30000,Private,
Skull Xray  (AP + LAT Views),,Radiology,3000,General,9
Skull Xray (AP + LAT Views),,Radiology,9000,Private,
Skull Xray (LAT Views),,Radiology,3000,General,
Skull Xray  (LAT Views),,Radiology,9000,Private,
Skull Xray (Townes Views),,Radiology,3000,General,
Skull Xray (Townes Views),,Radiology,9000,Private,
Thoracic Spine Xray (AP & LAT Views),,Radiology,3000,General,
Thoracic Spine Xray  (AP & LAT Views),,Radiology,9000,Private,
Tibia/Fibula Xray (AP & LAT Views),,Radiology,3000,General,
Tibia/Fibula Xray  (AP & LAT Views),,Radiology,9000,Private,
Upper Arm Xray  (AP & LAT Views),,Radiology,3000,General,
Upper Arm  Xray (AP & LAT Views),,Radiology,9000,Private,
URETHROGRAM(HCG),,Radiology,37500,General,10
Lumbar puncture,,Other Procedures,1500,General,
O/items: catheters,,Other Procedures,2000,General,
O/items: Bags,,Other Procedures,2000,General,
O/items: Batterlies,,Other Procedures,2000,General,
Cathetirisation,,Other Procedures,2500,General,
Drainage of joint,,Other Procedures,4500,General,
Insertion of Traction Pin,,Other Procedures,4500,General,
Urethra Dilation,,Other Procedures,5000,General,
Examination (EUA).,,Other Procedures,5000,General,
Induction with Cytotec/ pitocin,,Other Procedures,7000,Private,
Incision and drainage(marsupulization),,Other Procedures,7000,General,
Anal strength,,Other Procedures,7000,General,
Cervix Biopsy,,Other Procedures,7000,General,
Shirodkar Cerclage,,Other Procedures,7000,General,
Removal of ganglion,,Other Procedures,7000,General,
Fistulectomy,,Other Procedures,7000,General,
Sequestrectomy,,Other Procedures,7000,General,
Excision Lipoma,,Other Procedures,7000,General,
Excision KEloid,,Other Procedures,7000,General,
EXCISION BIOPSY,,Other Procedures,7000,General,
ECG without effort,,Other Procedures,7800,private,
Tendon Repair,,Other Procedures,8000,General,
Wound Debridement,,Other Procedures,8500,General,
Circumcision,,Other Procedures,8500,General,
Repair of third degree tear,,Other Procedures,8500,General,
ECG with and without effort,,Other Procedures,9000,Private,
Excision Of Lipoma,,Other Procedures,10000,Private,
Excision of Keloids( small),,Other Procedures,10000,Private,
needle biopsy,,Other Procedures,10000,Private,
each subsequent prenatal visit,,Other Procedures,10150,Private,
external cephalic version,,Other Procedures,10150,Private,
Removal skin tumour,,Other Procedures,10200,General,
Lymph node Biopsy,,Other Procedures,10200,General,
Removal of foreign body,,Other Procedures,10200,General,
limited repeat,,Other Procedures,12000,Private,
keratometry,,Other Procedures,12000,Private,
A/scanning,,Other Procedures,12000,Private,
retinoscopy+ subjective refraction,,Other Procedures,12000,Private,
Visual field testing,,Other Procedures,12000,Private,
Skin Traction,,Other Procedures,12000,General,
Shrodkar Suture,,Other Procedures,13000,Private,
Repair of third degree tear,,Other Procedures,13000,Private,
Circumcision Volu.,,Other Procedures,13000,General,
MVA (Manual Vacuum Aspiration),,Other Procedures,13000,General,
Haemorrhoidectomy,,Other Procedures,13500,General,
Fistulectomy,,Other Procedures,13500,General,
Skin grafting,,Other Procedures,13500,General,
Suprapubic Catheter,,Other Procedures,13500,General,
Amputation of limb,,Other Procedures,13500,General,
Tonsillectomy,,Other Procedures,13500,General,
first prenatal visit,,Other Procedures,13650,Private,
postnatal checkup,,Other Procedures,13650,Private,
Excision of Ganglion Cyst,,Other Procedures,15000,Private,
first lesion,,Other Procedures,15500,Private,
Cauterisation,,Other Procedures,15500,Private,
diagnostic,,Other Procedures,15500,Private,
punch biopsy,,Other Procedures,15500,Private,
surgical toilet and suturing of  < cm superficial,,Other Procedures,15500,Private,
Lid laceration repair,,Other Procedures,16000,Private,
clavicle arthrotomy,,Other Procedures,16000,Private,
diagnostic pleuarl tap,,Other Procedures,16000,Private,
percutaneous needle biopsy,,Other Procedures,16000,Private,
Evacuation,,Surgery,17000,General,
Dilation and Curettage,,Surgery,17000,General,
VVF Repair,,Surgery,17000,General,
Evacuation incomplete abortion,,Surgery,17000,General,
Polypectomy,,Surgery,17000,General,
Hernia Repair,,Surgery,17000,General,
MANUAL REMOVAL OF PLACENTS(midwife),,Surgery,18000,Private,
EUA,,Surgery,18000,Private,
maximal anal dilation,,Surgery,18000,Private,
drainage of pararectal abscess,,Surgery,18000,Private,
drainage of thrombosed pile,,Surgery,18000,Private,
exscision of anal skin tag,,Surgery,18000,Private,
nedle biopsy,,Surgery,18000,Private,
removal of shirodkar suture,,Surgery,18600,Private,
Manual Placenta removal,,Surgery,20300,General,
abscess marsupialization( Incision and drainange),,Surgery,21000,Private,
wedge biopsy cervix,,Surgery,21200,Private,
MANUAL REMOVAL OF PLACENTS (Clinician),,Surgery,22000,Private,
removal of tag or plyp,,Surgery,22000,Private,
removal of superficial benign lesion,,Surgery,22000,Private,
fine needle aspiration,,Surgery,22000,Private,
shoulder arthrotomy,,Surgery,22000,Private,
carpo-metacarpal-phalangeal or interphalangeal,,Surgery,22000,Private,
theraupeautic tap,,Surgery,22000,Private,
diagnostic peritoneal lavage,,Surgery,22000,Private,
internal sphicteroctomy,,Surgery,22000,Private,
fistulectomy,,Surgery,22000,Private,
Split sking graft,,Surgery,23000,Private,
minor ofice procedures,,Surgery,24000,Private,
needle biopsy,,Surgery,24000,Private,
excision of ingrowing nail,,Surgery,24000,Private,
needle biopsy,,Surgery,24000,Private,
surgical toilet and suturing superficial laceration,,Surgery,25000,Private,
Steroid injection,,Surgery,25000,Private,
Joint aspiration,,Surgery,25000,Private,
examination under anaesthesia(EUA),,Surgery,25000,Private,
bone marow biopsy,,Surgery,25000,Private,
therapeautic paracentesis,,Surgery,25000,Private,
circumcision,,Surgery,25000,Private,
Repair of ruptured uterus,,Surgery,25000,General,
Caesarian Section,,Surgery,25000,General,
MANUAL REMOVAL OF PLACENTS(theater),,Surgery,26000,Private,
assisted breech,,Surgery,27000,Private,
repair of third degree tear,,Surgery,27000,Private,
wide spread,,Surgery,30000,Private,
therapeutic,,Surgery,30000,Private,
Lid reconstruction,,Surgery,30000,Private,
examination of eye under GA,,Surgery,30000,Private,
incisional biopsy of soft growing tissue tumour ,,Surgery,30000,Private,
Keloidectomy,,Surgery,30000,Private,
Drainage of abscess ,,Surgery,30000,Private,
Inciscion biopsy,,Surgery,30000,Private,
escharotomy,,Surgery,30000,Private,
punch graft,,Surgery,30000,Private,
acuteosteomyelitis drainage,,Surgery,30000,Private,
patella ORIF,,Surgery,30000,Private,
Tenotomy/tenolysis,,Surgery,30000,Private,
finger disaticulation,,Surgery,30000,Private,
ACL reconstruction,,Surgery,30000,Private,
Carpal tunnel syndrome release,,Surgery,30000,Private,
De deQuervain tenosynovitis for release,,Surgery,30000,Private,
Bunionectomy,,Surgery,30000,Private,
Incisional biopsy for bone turmours,,Surgery,30000,Private,
laryngoscopy,,Surgery,30000,Private,
under water seal drain,,Surgery,30000,Private,
FNA lymph node biopsy,,Surgery,30000,Private,
venous cut down,,Surgery,30000,Private,
local excision of a lip lesion,,Surgery,30000,Private,
Heamorrhoidectomy,,Surgery,30000,Private,
cystoscopy,,Surgery,30000,Private,
breech extraction,,Surgery,30500,Private,
elbow arthrotomy,,Surgery,30500,Private,
Oophorectomy,,Surgery,30500,General,
inguinal herniotomy,,Surgery,31000,Private,
SVD by Midwife,,Surgery,34000,Private,
distraction delivery,,Surgery,34000,Private,
Arteriovenous fistual for haemodilysis ,,Surgery,34000,Private,
Placement of peritoneal catheter diletation,,Surgery,34000,Private,
BTL,,Surgery,35000,Private,
treatment of minor penetrating injury,,Surgery,35000,Private,
Clitoroplasty,,Surgery,35000,Private,
shirodkar suture ( cervix),,Surgery,35500,Private,
Delivery by general practioner,,Surgery,35500,Private,
examination under anasthesia,,Surgery,35500,Private,
removal of malignant lesion,,Surgery,35500,Private,
EUA,,Surgery,35500,Private,
Evacuationof RPOC following incomplete non criminal abortion,,Surgery,35500,Private,
Lid abscess ( I and D),,Surgery,35500,Private,
Biopsy,,Surgery,35500,Private,
corneal foreign body removal (single),,Surgery,35500,Private,
conjuctival foreign body removal,,Surgery,35500,Private,
surgical toilet and suturing multiple superficial lace,,Surgery,35500,Private,
excision of benign tumour,,Surgery,35500,Private,
radious or ulna (closed reduction),,Surgery,36000,Private,
carpal bones,,Surgery,36000,Private,
bennets fracture,,Surgery,36000,Private,
metacarpal (simple),,Surgery,36000,Private,
manipulation and plaster per foot,,Surgery,36000,Private,
drainage of parotid abscess,,Surgery,36000,Private,
oesophagoscopy,,Surgery,36000,Private,
Gastrotomy,,Surgery,36000,Private,
repair of the omphalocele in the new born,,Surgery,36000,Private,
anal sphicteroplasty for incontinence,,Surgery,36000,Private,
inguinal herniorrhaphy,,Surgery,37200,Private,
Salpingectomy,,Surgery,39000,General,
Other major laparatomies,,Surgery,39000,General,
excision of inclusion cyst,,Surgery,40000,Private,
abscess marsupialization,,Surgery,40000,Private,
chalazion incision and curettage,,Surgery,40000,Private,
trichiasis repair (MMG),,Surgery,40000,Private,
Rescuscitation,,Surgery,40000,Private,
wrist arthrotomy,,Surgery,40000,Private,
lunate arthrotomy,,Surgery,40000,Private,
toe disarticulation,,Surgery,40000,Private,
removal of foreign body,,Surgery,40000,Private,
bronchoscopy,,Surgery,40000,Private,
excison lymph node biopsy,,Surgery,40000,Private,
excision of ranula/ intraoral cyst,,Surgery,40000,Private,
open biopsy via laparatomy,,Surgery,40000,Private,
Bougies,,Surgery,41000,Private,
separation of fused labia,,Surgery,42000,Private,
gland excision,,Surgery,42000,Private,
Excision of associated cyst or tumour,,Surgery,42000,Private,
drainage of asssociated abscess,,Surgery,42000,Private,
fibula,,Surgery,42000,Private,
knee arthrotomy,,Surgery,42000,Private,
oesophagoscopy and removal of foreighn body,,Surgery,42000,Private,
injection of oesophagus varices,,Surgery,42000,Private,
fermoral herniotomy,,Surgery,42000,Private,
repair of epigastric hernia,,Surgery,42000,Private,
ectropion correction,,Surgery,43000,Private,
pitosis correction (unilateral),,Surgery,43000,Private,
Intraescrotal varicocelectomy,,Surgery,43000,Private,
delivery by specialist pediatrician ,,Surgery,44000,Private,
fermoral herniorrhaphy,,Surgery,44000,Private,
repair of umbilical hernia,,Surgery,44000,Private,
repair of incisional hernia,,Surgery,44000,Private,
Dand C,,Surgery,45000,Private,
D and C plus biopsy,,Surgery,45000,Private,
Evacuation of hydatiform mole,,Surgery,45000,Private,
Tumour escision,,Surgery,45000,Private,
treatment of major penetrating injury,,Surgery,45000,Private,
anterior vitrectomy,,Surgery,45000,Private,
mucolece drainage,,Surgery,45000,Private,
corneal /sceral laceration repair,,Surgery,45000,Private,
removal of blood from anterior chamber,,Surgery,45000,Private,
Excision of malignant soft tissue tumour,,Surgery,45000,Private,
excision of benign lesion,,Surgery,45000,Private,
subareolar cone excision of ducts,,Surgery,45000,Private,
nipple reconstruction,,Surgery,45000,Private,
debridement under GA,,Surgery,45000,Private,
excision of marjolin`s ulcer,,Surgery,45000,Private,
Tibia,,Surgery,45000,Private,
malleolus of ankle fracture,,Surgery,45000,Private,
tarsal bones and os calcis,,Surgery,45000,Private,
carpo metacarpal,,Surgery,45000,Private,
hip arthrotomy,,Surgery,45000,Private,
ankle arthrotomy,,Surgery,45000,Private,
ankle,,Surgery,45000,Private,
biceps humeri,,Surgery,45000,Private,
forearm flexor tendons,,Surgery,45000,Private,
forearms extensor tendons,,Surgery,45000,Private,
carpal tunnel release,,Surgery,45000,Private,
biopsy of nasopharynx under GA,,Surgery,45000,Private,
removal of nasal polyp,,Surgery,45000,Private,
quinsy – drainage,,Surgery,45000,Private,
tracheostomy,,Surgery,45000,Private,
bronchoscopy + removal f foreign body,,Surgery,45000,Private,
bronchoial lavage,,Surgery,45000,Private,
paracentesis of pericardium,,Surgery,45000,Private,
pericardial window,,Surgery,45000,Private,
excision of cysic hygroma,,Surgery,45000,Private,
vascular suturing,,Surgery,45000,Private,
ludwigs – anginadrainage,,Surgery,45000,Private,
exscision of submandibular gland tumour,,Surgery,45000,Private,
oesophagoscopy and dilation of stricture,,Surgery,45000,Private,
Sub Total Gastrectomy,,Surgery,45000,Private,
atresia,,Surgery,45000,Private,
colostomy,,Surgery,45000,Private,
sigmid vulvus sigmoioscopic decompression,,Surgery,45000,Private,
repair of burst abdomen,,Surgery,45000,Private,
anoplasty,,Surgery,45000,Private,
repair of bladder rupture,,Surgery,45000,Private,
meatoplasty,,Surgery,45000,Private,
open biopsy ,,Surgery,45000,Private,
Hydrocelectomy,,Surgery,45000,Private,
Hysterectomy (TAH).,,Surgery,45000,General,
vacuum extraction,,Surgery,45500,Private,
drainage of haematocolpos,,Surgery,45500,Private,
LACRIMAL CANALICULI REPAIR,,Surgery,48000,Private,
transmetatarsal amputation,,Surgery,50000,Private,
excision of  parotid gland adenoma,,Surgery,50000,Private,
oesophangeal intubation for inorperable ca . oesophagus,,Surgery,50000,Private,
transrectal drainage of pelvic abscess,,Surgery,50000,Private,
openbiopsy,,Surgery,50000,Private,
drainage of periurethral abscess,,Surgery,50000,Private,
Prostatectomy,,Surgery,50000,General,
drainage of periphenic absecess,,Surgery,51000,Private,
Perineal urethrostomy,,Surgery,51000,Private,
Priapism(caverno-spongiosum-diversion),,Surgery,51000,Private,
Communicant hydrocele unilateralan biopsy,,Surgery,51000,Private,
chronic osteomyetis sequestrectomy,,Surgery,52000,Private,
ramsteds operation for congenital pyloric stenosis,,Surgery,52000,Private,
palliative gastrojejunostomy,,Surgery,52000,Private,
visual direct urethrotomy (VDU),,Surgery,52000,Private,
repair of peyronies disease,,Surgery,52000,Private,
testicular exploration,,Surgery,52000,Private,
pitosis correction (bilateral),,Surgery,55000,Private,
corneal foreign body removal (multiple),,Surgery,55000,Private,
drainage operation,,Surgery,55000,Private,
tibia and fibula,,Surgery,55000,Private,
achilles tendon,,Surgery,55000,Private,
total parotidectomy,,Surgery,55000,Private,
repair of perforated gastric ulcer,,Surgery,55000,Private,
repair of post traumatic liver injury,,Surgery,55000,Private,
drainage of liver abscess/ cyst,,Surgery,55000,Private,
choleystostomy,,Surgery,55000,Private,
drainage of subphrenic abscess,,Surgery,55000,Private,
removal of bladder stone/ foreign body     cystolitotomy,,Surgery,55000,Private,
bladder neck wedge resection,,Surgery,55000,Private,
open biopsy of bladder tumour,,Surgery,55000,Private,
cone biopsy,,Surgery,56000,Private,
repair of conjuctival receration,,Surgery,56000,Private,
suturing of deep laceration with limited muscle damage,,Surgery,56000,Private,
colles fracturwe,,Surgery,56000,Private,
drainage of other intraperitoneal abscess,,Surgery,56000,Private,
posterior vitectromy,,Surgery,58500,Private,
radical excision for malignancy,,Surgery,60000,Private,
reconstruction of resulunt vaginal atresia,,Surgery,60000,Private,
EVA + D and C + biopsy,,Surgery,60000,Private,
drainage of pelvic abscess,,Surgery,60000,Private,
pterygium excision,,Surgery,60000,Private,
excenteration,,Surgery,60000,Private,
suturing a deep laceration wt extensive muscle damage,,Surgery,60000,Private,
quadrantectomy + nodal clearance,,Surgery,60000,Private,
bilateral mastectomy (male),,Surgery,60000,Private,
tangential excision+ grafting,,Surgery,60000,Private,
release of contracture,,Surgery,60000,Private,
partial thickness graft,,Surgery,60000,Private,
Ulna fracture,,Surgery,60000,Private,
patella ORIF,,Surgery,60000,Private,
fracture and dislocation of ankle ORIF,,Surgery,60000,Private,
Metatarsal/phalangeal fracture,,Surgery,60000,Private,
other bones,,Surgery,60000,Private,
Debridement and POP,,Surgery,60000,Private,
Fingers,,Surgery,60000,Private,
Knee,,Surgery,60000,Private,
Patella,,Surgery,60000,Private,
Toe,,Surgery,60000,Private,
pathological fracture secondary to osteomyetis,,Surgery,60000,Private,
operation for recirrent dislocation of shoulder,,Surgery,60000,Private,
knee,,Surgery,60000,Private,
Flexor tendons (upper limbs,,Surgery,60000,Private,
Extensor tendons (upper limbs),,Surgery,60000,Private,
Flexor/extensor tendon (lower limbs),,Surgery,60000,Private,
infrapatella/ quadriceps tendon,,Surgery,60000,Private,
tendon freeing operation,,Surgery,60000,Private,
below elbow amputation,,Surgery,60000,Private,
syme amputation,,Surgery,60000,Private,
Nerve repair,,Surgery,60000,Private,
Compartment syndrome for fasciotomy,,Surgery,60000,Private,
Excisional biopsy for borne tunours,,Surgery,60000,Private,
Joint biopsy,,Surgery,60000,Private,
sinus drainage,,Surgery,60000,Private,
retropharyngeal abscess dainage,,Surgery,60000,Private,
drainage of lung abscess,,Surgery,60000,Private,
operation for lympho-oedema,,Surgery,60000,Private,
Achalasia – hellers operation,,Surgery,60000,Private,
vagotomy and gastric drainage procedure,,Surgery,60000,Private,
drainage of pancreatic abscess,,Surgery,60000,Private,
perforated duodenal ulcer,,Surgery,60000,Private,
adhesionlysis,,Surgery,60000,Private,
meckes diverticulum,,Surgery,60000,Private,
mesenteric node biopsy,,Surgery,60000,Private,
appendicectomy,,Surgery,60000,Private,
repair of strangulated hernia without bowel resection,,Surgery,60000,Private,
pulldown operaton,,Surgery,60000,Private,
Delormes operation fo rrectal prolapse,,Surgery,60000,Private,
nephostomy,,Surgery,60000,Private,
pylolithotomy,,Surgery,60000,Private,
ureteroplasty,,Surgery,60000,Private,
Open ureteric stone extraction,,Surgery,60000,Private,
transurethral resection of bladder tumour,,Surgery,60000,Private,
unilateral orchidectomy,,Surgery,60000,Private,
Peripheral nerve repair,,Surgery,60000,Private,
cataract extraction (ECCE),,Surgery,65000,Private,
Fasciocutaneous flap,,Surgery,65000,Private,
Musculocutaneous flap,,Surgery,65000,Private,
Other complex flap,,Surgery,65000,Private,
femur – ORIF,,Surgery,65000,Private,
gastric devascularisation for oes varices,,Surgery,65000,Private,
choleystostomy,,Surgery,65000,Private,
intususeption,,Surgery,65000,Private,
olvulus,,Surgery,65000,Private,
suture of renal laceration,,Surgery,65000,Private,
repair of hypasodias,,Surgery,65000,Private,
subcapsular orchidectomy,,Surgery,65000,Private,
Upper limb,,Surgery,66000,Private,
tonsillectomy,,Surgery,66000,Private,
repair of lung laceration,,Surgery,66000,Private,
Edoscopic extraction of ureteric stone,,Surgery,68000,Private,
Bilateral orchidopexy,,Surgery,68000,Private,
Marshal test for stress urinary incontinency,,Surgery,70000,Private,
enucleation,,Surgery,70500,Private,
cateract extraction + ECCE + IOL iplant,,Surgery,70500,Private,
choleystostomy + choledochotomy,,Surgery,71000,Private,
repair of strangulated hernia with bowel resection,,Surgery,74000,Private,
caesarian section ( elective),,Surgery,74400,Private,
amniocentesis,,Surgery,74500,Private,
repair of vaginal laceration following trauma,,Surgery,75000,Private,
amputation cervix,,Surgery,75000,Private,
tubal surgery,,Surgery,75000,Private,
conjuctival tumour excision,,Surgery,75000,Private,
Hyphaema washout,,Surgery,75000,Private,
glaucoma surgery (trabeculectomy),,Surgery,75000,Private,
Seton's Operation,,Surgery,75000,Private,
debridement of dirty/ septic laceration+ secondary sut,,Surgery,75000,Private,
Debridement of dirty/ septic laceration,,Surgery,75000,Private,
toilet mastectomy,,Surgery,75000,Private,
radious or ulna (open reduction),,Surgery,75000,Private,
elongation of achilles tendon (ETA) per foot,,Surgery,75000,Private,
lower limb,,Surgery,75000,Private,
operation of reurrent dislocation of any joint,,Surgery,75000,Private,
rotator cuff,,Surgery,75000,Private,
above elbow amputation,,Surgery,75000,Private,
below knee amputation,,Surgery,75000,Private,
tonsillectomy + adenoidectomy,,Surgery,75000,Private,
pulmonary lobectomy,,Surgery,75000,Private,
splenorrhaphy,,Surgery,75000,Private,
vascular grafting,,Surgery,75000,Private,
repair of cleft lip (unilateral),,Surgery,75000,Private,
cleft palate (primary repair),,Surgery,75000,Private,
repair of oesophageal ruptue,,Surgery,75000,Private,
Total Gastrectomy,,Surgery,75000,Private,
drainage of pancreatic pseudocyst,,Surgery,75000,Private,
by-pass peration for in operable tumour,,Surgery,75000,Private,
resection of tumour of the tail of pancreas,,Surgery,75000,Private,
resection and anastomosis of gangreous bowel,,Surgery,75000,Private,
resection of small bowel tumour,,Surgery,75000,Private,
right hemiolectomy,,Surgery,75000,Private,
sigmoid vulvulus open decoration,,Surgery,75000,Private,
pull thoughoperation,,Surgery,75000,Private,
low anterior resection for rectal tumour,,Surgery,75000,Private,
partial nephrectomy,,Surgery,75000,Private,
ureterostomy,,Surgery,75000,Private,
open prostatectomy,,Surgery,75000,Private,
partial penectomy,,Surgery,75000,Private,
exploratory burr hole,,Surgery,75000,Private,
elevation of depressed fracture,,Surgery,75000,Private,
salpingectomy,,Surgery,80000,Private,
ecxcision of thyroglostal cyst,,Surgery,80000,Private,
Pyeloplasty,,Surgery,80000,Private,
caesarian section ( emergency),,Surgery,84500,Private,
Urinary stress incontinency procedures,,Surgery,85000,Private,
Quadriceps tendon,,Surgery,85800,Private,
Patella tendon,,Surgery,85800,Private,
Achilles tendons,,Surgery,85800,Private,
HUMERUS (SHAFT),,Surgery,86000,Private,
HUMERUS (SUPRACONDYLAR),,Surgery,86000,Private,
Galleazzi fracture,,Surgery,86000,Private,
Through knee amputation,,Surgery,86000,Private,
full thickness graft,,Surgery,88000,Private,
repair of ruptured uterus,,Surgery,90000,Private,
vaginal hysterectomy,,Surgery,90000,Private,
other operations for prolapse,,Surgery,90000,Private,
vaginal repair of VVF,,Surgery,90000,Private,
salpingo oophorectomy,,Surgery,90000,Private,
ectopic pregnancy-laparatomy,,Surgery,90000,Private,
Sub Total Hysterectomy,,Surgery,90000,Private,
myomectomy,,Surgery,90000,Private,
evisceration,,Surgery,90000,Private,
 Tripple Operation ,,Surgery,90000,Private,
simple mastectomy +satelite node biopsy,,Surgery,90000,Private,
shoulder disarticulation,,Surgery,90000,Private,
above knee amputation,,Surgery,90000,Private,
laryngectomy,,Surgery,90000,Private,
splenectomy,,Surgery,90000,Private,
varicose vain stripping,,Surgery,90000,Private,
repair of cleft lip (bilateral),,Surgery,90000,Private,
exscision of emeloblastoma,,Surgery,90000,Private,
hiatus and diaphragmatic hernia repair,,Surgery,90000,Private,
right lobectomy,,Surgery,90000,Private,
cholecysto/ doch-jejunostomy,,Surgery,90000,Private,
excision of pancreatic adenoma,,Surgery,90000,Private,
repair of pancreatic rupture,,Surgery,90000,Private,
left hemocolectomy,,Surgery,90000,Private,
hartmans operation,,Surgery,90000,Private,
redundunt signoid colectomy,,Surgery,90000,Private,
total nephrectomy,,Surgery,90000,Private,
ureteic re-implantation,,Surgery,90000,Private,
cystectomy ( any type),,Surgery,90000,Private,
urethroplasty,,Surgery,90000,Private,
trans urethral resection ,,Surgery,90000,Private,
debridement of open skull fracture,,Surgery,90000,Private,
repair of RVF,,Surgery,95000,Private,
Bladder substitution,,Surgery,95000,Private,
 VITREORETINAL ,,Surgery,100000,Private,
left lobectomy,,Surgery,102000,Private,
Ureteric diversion to sygmoides,,Surgery,102000,Private,
Bladder exstrophy repair,,Surgery,102000,Private,
Bladder augmentation,,Surgery,102000,Private,
Bricker procedure,,Surgery,102000,Private,
hysterectomy following ruptured uterus,,Surgery,104000,Private,
repair of Urethro vaginal fistula,,Surgery,105000,Private,
ovarian tumour,,Surgery,105000,Private,
nodulectomy,,Surgery,105000,Private,
postero-medical release (PMR) per foot,,Surgery,105000,Private,
for-quarter amputation,,Surgery,105000,Private,
hip disaticulation,,Surgery,105000,Private,
pleural decortications,,Surgery,105000,Private,
cleft palate (secondary),,Surgery,105000,Private,
uretero-sigmoidostomy,,Surgery,105000,Private,
Total Abdominal Hysterectomy,,Surgery,110000,Private,
isthmusectomy,,Surgery,110000,Private,
hemi-thyroidectomy/ lobectomy,,Surgery,115000,Private,
Shoulder,,Surgery,115000,Private,
Elbow,,Surgery,115000,Private,
Wrist,,Surgery,115000,Private,
Rotator cuff,,Surgery,115000,Private,
Biceps,,Surgery,115000,Private,
Triceps,,Surgery,115000,Private,
Knee scope without procedure,,Surgery,115000,Private,
Tendon transfer,,Surgery,115000,Private,
Girdlestone procedure,,Surgery,115000,Private,
hind quarter amputation,,Surgery,117000,Private,
bronchoplasty,,Surgery,118000,Private,
pneumonectomy,,Surgery,118000,Private,
whipples operation,,Surgery,118000,Private,
abdomino – perineal resection,,Surgery,118000,Private,
ventriculo peritoneal shunt,,Surgery,118000,Private,
vaginal hysterectomy+ repair for total prolapse,,Surgery,120000,Private,
repair of recurrent entercele or vault prolapse,,Surgery,120000,Private,
perineoplasty,,Surgery,120000,Private,
warthein operation,,Surgery,120000,Private,
explortorylaparatomy,,Surgery,120000,Private,
subtotal,,Surgery,120000,Private,
bilateral mastectomy (female),,Surgery,120000,Private,
rotation flap,,Surgery,120000,Private,
Shoulder fracture,,Surgery,120000,Private,
Monteggia fractures,,Surgery,120000,Private,
explortorylaparatomy,,Surgery,120000,Private,
thyroidectomy total,,Surgery,130000,Private,
Radical mastectomy,,Surgery,130000,Private,
oesophagectomy,,Surgery,135000,Private,
Hip,,Surgery,145000,Private,
Meniscetomy,,Surgery,145000,Private,
Removal of foreign body,,Surgery,145000,Private,
Debridement,,Surgery,145000,Private,
craniectomy,,Surgery,148000,Private,
Vaginal Hysterectomy+salpingo oophorectomy,,Surgery,150000,Private,
 PHACO + IOL ,,Surgery,150000,Private,
exploration and removal of adenoma,,Surgery,160000,Private,
unilateral exploration,,Surgery,160550,Private,
bilateral exploration,,Surgery,175000,Private,
Lisfranc fracture,,Surgery,175000,Private,
Debridement and external fixators,,Surgery,175000,Private,
Ankle,,Surgery,175000,Private,
Lisfranc injury,,Surgery,175000,Private,
TAH and Bilateral salpingo oophrectomy,,Surgery,180000,Private,
Meniscal repair,,Surgery,180000,Private,
Pelvic fracture,,Surgery,230000,Private,
Hip fracture,,Surgery,230000,Private,
"Debridement, flap and external fixators",,Surgery,230000,Private,
Hemiarthroplasty,,Surgery,290000,Private,
cricothyroidotomy,,Surgery,365000,Private,
Total hip replacement,,Surgery,1145000,Private,
Total knee replacement,,Surgery,1145000,Private,
Ambulance (Inpatient),,Surgery,600,General,
Ambulance (OPD),,Surgery,1200,General,
Catheterisation,,Surgery,4000,Private,
Catheterisation,,Surgery,2000,General,
Dressing 2nd grade healing,,Surgery,1500,Private,
Dressing 2nd grade healing,,Surgery,600,General,
Ear Syringing,,Surgery,3500,Private,
Ear Syringing,,Surgery,2400,General,
Eusol Dressing,,Surgery,2500,Private,
Eusol Dressing,,Surgery,600,General,
Excision Lipoma,,Surgery,10000,Private,
Hydrocele Aspiration,,Surgery,,General,
Hyrogen Perioxide Dressing ,,Surgery,2500,Private,
Hyrogen Perioxide Dressing ,,Surgery,600,General,
Iodine dressing,,Surgery,2500,Private,
Iodine dressing,,Surgery,600,General,
Joint Aspiration,,Surgery,2400,General,
knee aspiration,,Surgery,2400,General,
Lumbar puncture,,Surgery,1500,Private,
Other minor procedures,,Surgery,2400,General,
P-Incision drainage,,Surgery,6000,Private,
P-Incision drainage,,Surgery,2400,General,
"P-POP.3"" (PER ROLL",,Surgery,2400,General,
"P-POP.4""(PER ROLL)",,Surgery,2400,General,
"P-POP.6""(PER ROLL)",,Surgery,2400,General,
P-Wound Surturing,,Surgery,2400,General,
Packing of nasal bleeding,,Surgery,4800,Private,
Packing of nasal bleeding,,Surgery,600,General,
Removal of foreign body,,Surgery,6000,Private,
Removal of foreign body,,Surgery,2400,General,
Removal of Polyp Nose,,Surgery,4800,Private,
Removal of Polyp Nose,,Surgery,600,General,
Reposition Luxated Joint,,Surgery,3200,Private,
Reposition Luxated Joint,,Surgery,2400,General,
Suprapubic Catheter,,Surgery,12000,Private,
Suture removal,,Surgery,1000,Private,
Suture removal,,Surgery,600,General,
Vaseline/Para Gause Dressing (per pack),,Surgery,2400,Private,
Vaseline/Para Gause Dressing (per pack),,Surgery,1800,General,
wound dressing,,Surgery,2500,Private,
Wound Surturing,,Surgery,6000,Private,
DIAMOX,,Surgery,400,Private,
Chloramphenicol ointment,,Surgery,1000,Private,
Tetracyclin drops,,Surgery,1000,Private,
Flurometholone,,Surgery,1000,Private,
Prednisolone eye drops,,Surgery,1000,Private,
Dexamethasone ,,Surgery,1000,Private,
 SETON'S OPERATIN ,,Surgery,1000,General,
KOREAN PHARMACETICAL CO,,Surgery,1000,Private,
 LID SPLIT ,,Surgery,1000,General,
BLOOD SUGAR,,Surgery,1500,Private,
Levofloxacin drops,,Surgery,1500,Private,
Chloramphenicol drops,,Surgery,1500,Private,
Gentamycin drops,,Surgery,1500,Private,
Artificial tears,,Surgery,1500,Private,
KOREAN PHARMACETICAL CO,,Surgery,1500,General,
 FOREINGN BODY REMOVAL ,,Surgery,1500,General,
 EVISCERATION ,,Surgery,1500,General,
 TRIPLE OPERATION ,,Surgery,1500,General,
VISUAL FIELD ,,Surgery,2000,Private,
Maxifloxacin drops,,Surgery,2000,Private,
Ciprofloxacin drops,,Surgery,2000,Private,
Oflloxacin drops,,Surgery,2000,Private,
Tropicamide+Phenylephrine,,Surgery,2000,Private,
Cyclopentolate,,Surgery,2000,Private,
Atropine,,Surgery,2000,Private,
Tropicamide,,Surgery,2000,Private,
REFRACTION,,Ophthalmology,2500,Private,
RETROBULBAR INJECTION,,Ophthalmology,2500,Private,
Latanoprost drops,,Ophthalmology,2500,Private,
Brimonide drops,,Ophthalmology,2500,Private,
cosopt drops ,,Ophthalmology,2500,Private,
Xalatin drops,,Ophthalmology,2500,Private,
Sodium Chromogycate,,Ophthalmology,2500,Private,
" I & D, I & C. ",,Ophthalmology,2500,General,
 LID REPAIR ,,Ophthalmology,2500,General,
 ENUCREATION ,,Ophthalmology,2500,General,
IOL BIOMETRY,,Ophthalmology,3000,Private,
Timolol drops,,Ophthalmology,3000,Private,
KOREAN PHARMACETICAL CO,,Ophthalmology,3000,Private,
Dorzolamide drops,,Ophthalmology,3500,Private,
EYE CONSULTATIONS Child,,Ophthalmology,4000,Private,
 TRINCINOLONE ,,Ophthalmology,4000,General,
Natamycin drops,,Ophthalmology,5000,Private,
Econazole drops,,Ophthalmology,5000,Private,
Acyclovir ointment,,Ophthalmology,5000,Private,
Sodium Chloride 5%,,Ophthalmology,5000,Private,
 FOCAL LASER ,,Ophthalmology,5000,General,
 YAG CAPSULOTOMY ,,Ophthalmology,5000,General,
 EXCISION & BIOPSY ,,Ophthalmology,5000,General,
 EVISCERATION WITH SPHERE ,,Ophthalmology,5000,General,
EYE CONSULTATIONS Adult,,Ophthalmology,6000,Private,
FOCAL LASER,,Ophthalmology,10000,Private,
 YAG IRIDOTOMY ,,Ophthalmology,10000,General,
 PRP ,,Ophthalmology,10000,General,
 ECCE + IOL ,,Ophthalmology,15000,General,
 SICS + IOL ,,Ophthalmology,15000,General,
YAG CAPSULOTOMY,,Ophthalmology,18000,Private,
 TRBECULECTOMY ,,Ophthalmology,18000,General,
YAG IRIDIOTOMY,,Ophthalmology,20000,Private,
 LOCAL ANESTHESIA ,,Ophthalmology,20000,General,
 Reading Glasses ,,Ophthalmology,25000,Private,
PRP,,Ophthalmology,30000,Private,
LOCAL ANAESTHESIA,,Ophthalmology,50000,Private,
STRABISMUS OPERATION UNDER GENERAL ANAESTHESIA,,Ophthalmology,80000,Private,
Acetazolamide,,Ophthalmology,100/tab,Private,
DIAMOX,,Ophthalmology,200 per tablet,Private,
KOREAN PHARMACETICAL CO,,Ophthalmology,250 per tablet,Private,
Call out at night for specialist,,Consultation,10000,Private,
Consultation Adult Eye,,Consultation,1000,General,
Consultation Child Eye,,Consultation,500,General,
general practioner first visit,,Consultation,6000,Private,
general practioner subsequent visit,,Consultation,4000,Private,
Specialist consultation first visit,,Consultation,8000,Private,
specialist consultation subsequent visit,,Consultation,5000,Private,
Antenatal Service,,Maternity,2500,General,
Any Subsequent visit,,Maternity,1500,General,
Normal Delivery (SVD),,Maternity,15000,General,
Management of PPH,,Maternity,8000,General,
Tear/Episiotopy,,Maternity,2500,General,
Eclampsia,,Maternity,50000,General,
Severe Anaemia,,Maternity,8000,General,
PP Sepsis,,Maternity,15500,General,
New born complications,,Maternity,12500,General,
Laparatomy/Raptured Ectopic Pregnancy,,Maternity,35000,General,
Evacuation,,Maternity,15500,General,
Hysterectomy,,Maternity,42000,General,
Caesarian Section,,Maternity,25000,General,
Manual Removal Placenta,,Maternity,8000,General,
3rd Degree tear,,Maternity,8000,General,
Severe Pneumonia,,Maternity,8000,General,
Severe Malaria in Pregnancy,,Maternity,11000,General,
Preterm labour,,Maternity,15500,General,
Meningitis,,Maternity,25000,General,
Postnatal checkup,,Maternity,700,General,
Management of APH,,Maternity,12000,General,
Hydrocerectomy,,Maternity,15500,General,
OFF JADELLE,,Maternity,500,General,
BTL,,Maternity,2000,General,
external cephalic version,,Maternity,7800,General,
Amniocentesis,,Maternity,57200,General,
Shirodkar suture ( cervix),,Maternity,27300,General,
Removal of shirodkar suture,,Maternity,14300,General,
Induction with Cytotec/ pitocin,,Maternity,5200,General,
Assisted breech,,Maternity,20800,General,
Breech extraction,,Maternity,23400,General,
Distraction delivery,,Maternity,26000,General,
Vacuum extraction,,Maternity,35000,General,
Examination under anasthesia (EUA).,,Other Procedures,27300,General,
Endoscopy Diagnostic,,Other Procedures,6500,General,
Endoscopy CLO test,,Other Procedures,4000,General,
Endoscopy Biopsy,,Other Procedures,4500,General,
Mortuary Storage,,Mortuary,13000,Private,
Mortuary Embalming,,Mortuary,20000,Private,
Death Reports,,Documentation,4500,Private,
Mortuary Storage,,Mortuary,2000,General,
Mortuary Embalming,,Mortuary,20000,General,
Mortuary Storage Expatriate,,Mortuary,30000,Private,
Mortuary Embalming Expatriate,,Mortuary,30000,Private,
Hemodialysis,,Other Procedures,40000,General,
Ethropoetin,,Other Procedures,5000,General,
Iron Hydroxide,,Other Procedures,3000,General,
Registration,,Admission,3000,Private,
Registration,,Admission,500,General,
Accommodation,,Admission,14000,Private,
specialist visit/ day,,Consultation,5000,Private,
general practioner visit/ day,,Consultation,4000,Private,
INTENSIVE CARE UNIT,,Admission,20000,Private,
Each additional canal,,Dental,3000,General,
Each additional canal,,Dental,5000,Private,
First Canal,,Dental,2000,General,10
First Canal,,Dental,8000,Private,
Incision and drainage,,Dental,2000,General,9
Incision and drainage,,Dental,3500,Private,
Jaw Fracture wiring (IMF),,Dental,5000,General,8
Jaw Fracture wiring (IMF),,Dental,8000,Private,
Minor oral Surgery,,Dental,2500,General,7
Minor oral Surgery,,Dental,4000,Private,
One/ two surface filling,,Dental,4500,General,6
One/ two surface filling,,Dental,5500,Private,
Scaling and Polishing,,Dental,5000,General,5
Scaling and Polishing,,Dental,10000,Private,
Simple extraction :Children,,Dental,1000,General,1
Simple extraction :Children,,Dental,3000,Private,
Simple extraction: Adult,,Dental,1300,General,1
Simple extraction: Adult,,Dental,"4, 000",Private,
Surgical Extraction,,Dental,5000,General,1
Surgical Extraction,,Dental,5000,Private,
Temporary Filling,,Dental,2500,General,2
Temporary Filling,,Dental,3000,Private,
Three or more Surface filling,,Dental,4500,General,3
Three or more Surface filling,,Dental,5500,Private,
TMJ Reduction,,Dental,2500,General,4
TMJ Reduction,,Dental,5000,Private,
Consultation Adult (Night),,Consultation,700,General,9
Consultation Child (Night),,Consultation,500,General,10
FBC,,Laboratory,3000,On request,
Blood Group,,Laboratory,3000,On request,
Sex Determination Ultrasound Scan,,Radiology,7500,On request,
Consultation ART Catchment,,Consultation,200,General,7
Consultation ART Other,,Consultation,500,General,8
Consultation VIA Catchment,,Consultation,200,General,
Consultation VIA Other,,Consultation,500,General,
Consultation ANC Catchment First,,Consultation,200,General,3
Consultation ANC Catchment Subs,,Consultation,200,General,4
Consultation ANC Other First,,Consultation,2500,General,5
Consultation ANC Other Subs,,Consultation,1500,General,6
Consultation Adult (Day),,Consultation,500,General,2
Consultation Child (Day),,Consultation,300,General,1
