name,category,General_Price,Private_Price,unit,rank,Voided
Braided non absorbable sterile Silk 2/0 cc 40mm,Pharmacy,1,13000,12,999,FALSE
paraffin gauze 9.5cm x 9.5cm (square),Pharmacy,1,1500,36's,999,FALSE
Plaster of paris (POP) 7.5*270 cm,Pharmacy,1,2000,Each,999,FALSE
Acyclovir 200mg dispersible,Pharmacy,40,90,Tablet,999,FALSE
Acyclovir Cream 5%,Pharmacy,800,1500,tube,999,FALSE
"Adrenaline 1/1000, 1ml",Pharmacy,200,200,Ampoule,999,FALSE
Albendazole 200mg,Pharmacy,25,25,Tablet,999,FALSE
Allopurinol 100mg,Pharmacy,50,60,Tablet,999,FALSE
Aminophylline 100mg,Pharmacy,15,20,Tablet,999,FALSE
"Aminophylline 25mg/ml, 10ml",Pharmacy,250,300,Vial,999,FALSE
Amitriptyline 25mg,Pharmacy,15,20,Tablet,999,FALSE
Amlodipine 10mg,Pharmacy,30,25,Tablet,999,FALSE
Amlodipine 5mg,Pharmacy,30,25,Tablet,999,FALSE
Amoxycillin 125mg/ml suspension,Pharmacy,500,600,Bottle,999,FALSE
Amoxycillin 250mg,Pharmacy,25,30,Tablet,999,FALSE
Amoxyclavulin Acid 500mg (augmentin),Pharmacy,300,350,Tablet,999,FALSE
Ampicillin injection 1gm PFR,Pharmacy,600,750,Vial,999,FALSE
Anusol supositories,Pharmacy,250,300,Each,999,FALSE
Ant-acid syrup,Pharmacy,1200,1200,Bottle,999,FALSE
Anti-Rabies vaccine,Pharmacy,5500,7300,Ampoule,999,FALSE
"Apron, disposable, polythene",Pharmacy,0,75,Each,999,FALSE
Artefan,Pharmacy,3000,3200,Dose,999,FALSE
Aspirin 300mg,Pharmacy,15,20,Tablet,999,FALSE
Atenolol 50mg,Pharmacy,40,35,Tablet,999,FALSE
Atorvastatin 10mg,Pharmacy,30,100,Tablet,999,FALSE
Atorvastatin 20mg,Pharmacy,30,30,Tablet,999,FALSE
"Atropine sulphate 1mg/ml, 1ml",Pharmacy,120,200,Ampoule,999,FALSE
Amox-clav (Augmentin) syrup,Pharmacy,3000,5200,Bottle,999,FALSE
Autoclave tape 5cm (Brown),Pharmacy,0,5000,Each,999,FALSE
Azithromycin 500mg,Pharmacy,2500,2500,Dose,999,FALSE
"Bags urine drainage 2,000ml",Pharmacy,500,500,Each,999,FALSE
Bandage plaster of paris 20.0*270cm,Pharmacy,3200,3200,Each,999,FALSE
"Bandage, WOW 10cm x 4m",Pharmacy,300,300,roll,999,FALSE
"Bandage,plaster of paris 10.0*270cm",Pharmacy,2000,2000,Each,999,FALSE
"Bandage,plaster of paris 15.0*270cm",Pharmacy,0,3200,Each,999,FALSE
Benzathine benzylpenicillin 1.44g (2.44MU),Pharmacy,420,500,Vial,999,FALSE
benzoic acid(6%) and salicylic acid(3%) ointment,Pharmacy,750,1000,Each,999,FALSE
Benzyl benzoate application 25%,Pharmacy,800,550,Bottle,999,FALSE
"Xpen (Benzylpenicillin) 3g (5MU), PFR (X-PEN).",Pharmacy,NULL,500,Vial,999,FALSE
Betamethasone skin oint 0.1%,Pharmacy,750,800,Each,999,FALSE
BG- Glutamin,Pharmacy,2500,2500,30,999,FALSE
Bisacodyl 5mg,Pharmacy,15,30,Tablet,999,FALSE
"Bupivacaine spinal heavy 0.5%, 4ml ampoule",Pharmacy,1200,1050,Vial,999,FALSE
Calamine lotion,Pharmacy,900,800,Bottle,999,FALSE
Calcium Gluconate injection,Pharmacy,250,450,Vial,999,FALSE
Cannula iv (Venflon) 14,Pharmacy,0,180,Each,999,FALSE
Cannula iv (Venflon) 16,Pharmacy,0,200,Each,999,FALSE
Cannula iv (Venflon) 18,Pharmacy,0,200,Each,999,FALSE
Cannula iv (Venflon) 20,Pharmacy,0,200,Each,999,FALSE
Cannula iv (Venflon) 22,Pharmacy,0,200,Each,999,FALSE
Cannula iv (Venflon) 24,Pharmacy,0,200,Each,999,FALSE
Captopril 25mg,Pharmacy,15,30,Tablet,999,FALSE
Carbamazepine 200mg,Pharmacy,15,20,Tablet,999,FALSE
Catgut chromic 2/0 needle round bodied 1/2c 35mm,Pharmacy,0,13000,12,999,FALSE
Catgut chromic 1 needle round bodied ½c 50mm,Pharmacy,0,13000,12,999,FALSE
Catgut chromic 2 needle round bodied 1/2c 50mm,Pharmacy,0,13000,12,999,FALSE
Catgut chromic 3/0 needle round bodied 1/2c25mm,Pharmacy,0,13000,12,999,FALSE
Catgut chromic 4/0 needle round bodied 1/2c20mm,Pharmacy,0,13000,12,999,FALSE
Catgut chromic 5/0 needle round bodied 1/2c 20mm,Pharmacy,0,13000,12,999,FALSE
Catheter foley's 3-way FG 20,Pharmacy,0,350,Each,999,FALSE
Catheter Foley's 3-way FG 22,Pharmacy,0,350,Each,999,FALSE
Catheter Foley's FG 16,Pharmacy,0,350,Each,999,FALSE
Catheter Foley's FG 18,Pharmacy,0,350,Each,999,FALSE
Catheter Foley's FG 20,Pharmacy,0,350,Each,999,FALSE
Catheter Foley's retention 3-5cc FG 8,Pharmacy,0,350,Each,999,FALSE
Catheter Foley's retention 30cc FG 10,Pharmacy,0,350,Each,999,FALSE
Catheter Foley's retention 30cc FG14,Pharmacy,0,350,Each,999,FALSE
Catheter Foley`s retention 30cc FG 12,Pharmacy,0,350,Each,999,FALSE
Cefixime 200mg,Pharmacy,0,250,Tablet,999,FALSE
Ceftriaxone 1gm,Pharmacy,600,1500,Vial,999,FALSE
cefuroxime 250mg tabs,Pharmacy,200,250,Tablet,999,FALSE
Cefuroxime syrup,Pharmacy,2000,2000,Bottle,999,FALSE
cefuroxime tabs,Pharmacy,0,250,Tablet,999,FALSE
Cetrimide15%+chlorhexidine 1.5%(Savlon),Pharmacy,7800,14000,1litre,999,FALSE
Cetrizine hydrochloride 10mg,Pharmacy,210,45,Tablet,999,FALSE
Chloramphenicol 250mg,Pharmacy,25,30,Tablet,999,FALSE
"Chloramphenicol succinate 1g, PFR",Pharmacy,420,500,Vial,999,FALSE
Chloramphenicol syrup,Pharmacy,850,1000,Bottle,999,FALSE
Chloramphnicol eye drops,Pharmacy,500,450,Each,999,FALSE
Piriton – Chlorpheniramine maleate 4mg,Pharmacy,15,20,Tablet,999,FALSE
CPZ – Chlorpromazine 100mg,Pharmacy,15,80,Tablet,999,FALSE
"CPZ - Chlorpromazine hcl 25mg/ml, 2ml",Pharmacy,150,500,Ampule,999,FALSE
Cimetidine 400mg,Pharmacy,15,20,Tablet,999,FALSE
Ciprofloxacin 250mg,Pharmacy,40,60,Tablet,999,FALSE
Clarithromycin 125mg/5ml,Pharmacy,1800,2500,Bottle,999,FALSE
"Clips, umbilical cord, polythene",Pharmacy,0,30,Each,999,FALSE
Clotrimazole cream,Pharmacy,900,750,Each,999,FALSE
Clotrimazole pessaries,Pharmacy,1000,850,Each,999,FALSE
Cloxacillin 125mg/5ml,Pharmacy,750,750,Bottle,999,FALSE
Cloxacillin 250mg,Pharmacy,25,25,Tablet,999,FALSE
Cloxacillin 500mg powder for injection,Pharmacy,1450,1900,Vial,999,FALSE
Codeine phosphate 15mg,Pharmacy,30,32,Tablet,999,FALSE
Coldril syrup,Pharmacy,1000,1000,Bottle,999,FALSE
Cotrimoxazole 480mg,Pharmacy,15,15,Tablet,999,FALSE
Bactrim – Cotrimoxazole 480mg,Pharmacy,15,15,Tablet,999,FALSE
Bactrim – Cotrimoxazole suspension 240mg/5ml,Pharmacy,500,650,Bottle,999,FALSE
"Cotton wool, 500g",Pharmacy,0,2500,roll,999,FALSE
Cough depressant,Pharmacy,1200,1200,Bottle,999,FALSE
Cough suppressant,Pharmacy,1200,1200,Bottle,999,FALSE
Crepe bandages,Pharmacy,0,500,Each,999,FALSE
Depomedrol 40mg/ml,Pharmacy,0,3500,Vial,999,FALSE
Dexamethasone 0.5mg,Pharmacy,15,10,Tablet,999,FALSE
"Dexamethasone 4mg/ml, 2ml",Pharmacy,250,500,Ampoule,999,FALSE
"Dexamethasone 5mg/ml, 1ml",Pharmacy,250,450,Ampoule,999,FALSE
Dexamethasone eye drops,Pharmacy,500,1000,Bottle,999,FALSE
"Dextrose (glucose) 5%, 1000ml",Pharmacy,1500,1900,Bottle,999,FALSE
"Dextrose 50%, 20ml",Pharmacy,420,500,Vial,999,FALSE
Diazepam 5mg,Pharmacy,30,30,Tablet,999,FALSE
"Diazepam 5mg/ml, 2ml",Pharmacy,120,450,Ampoule,999,FALSE
Diclofenac 100mg,Pharmacy,20,20,Tablet,999,FALSE
Diclofenac 50mg,Pharmacy,15,15,Tablet,999,FALSE
Diclofenac gel 15gm,Pharmacy,1500,1500,Each,999,FALSE
Diclofenac inj 75mg/3ml,Pharmacy,120,300,Ampoule,999,FALSE
Diclofenac spray,Pharmacy,0,6300,Each,999,FALSE
Diclofenac suppository,Pharmacy,300,250,Each,999,FALSE
Digoxin 0.25mg,Pharmacy,50,40,Tablet,999,FALSE
Dihydroartemisinin/ Piperamine 40/320mg [Daterp],Pharmacy,NULL,350,Tablet,999,FALSE
Disposable gloves large,Pharmacy,0,150,pair,999,FALSE
Disposable gloves medium,Pharmacy,0,150,pair,999,FALSE
Domperidone,Pharmacy,25,15,Tablet,999,FALSE
Dopamin 200mg/5ml,Pharmacy,120,200,Ampoule,999,FALSE
Doxy – Doxycycline 100mg,Pharmacy,20,20,Tablet,999,FALSE
Dyna-Hex (Chlorhexidine) 4%,Pharmacy,7800,13000,Gallon,999,FALSE
Dynapar spray/diclofenac spray,Pharmacy,0,6300,Each,999,FALSE
Enalapril 10mg,Pharmacy,30,35,Tablet,999,FALSE
Enalapril 5mg,Pharmacy,25,20,Tablet,999,FALSE
Endotracheal tubes 6.5mm,Pharmacy,0,75,Each,999,FALSE
Endotracheal tubes 6mm,Pharmacy,0,75,Each,999,FALSE
Endotracheal tubes 7.5mm,Pharmacy,0,75,Each,999,FALSE
Endotracheal tubes 7mm,Pharmacy,0,75,Each,999,FALSE
Endotracheal tubes 8mm,Pharmacy,0,75,Each,999,FALSE
"Ephedrine Hcl 30mg/ml, 1ml",Pharmacy,1200,1200,Vial,999,FALSE
Ergometrine 500mcg/ml +Oxytocin 10IU,Pharmacy,2000,2500,Ampoule,999,FALSE
Ergometrine maleate 500mcg/ml,Pharmacy,2000,2500,Ampoule,999,FALSE
Erythromycin 250mg,Pharmacy,45,55,Tablet,999,FALSE
Erythromycin suspension 125mg/5ml,Pharmacy,750,750,Bottle,999,FALSE
Eusol solution,Pharmacy,15600,19500,2.5ml,999,FALSE
Ferous sulphate syrup (Iron syrup),Pharmacy,1000,1200,Bottle,999,FALSE
Ferrous sulphate 200mg,Pharmacy,15,10,Tablet,999,FALSE
Fluconazole 200mg,Pharmacy,200,70,Tablet,999,FALSE
"Fluconazole 2mg/ml,100ml",Pharmacy,1100,1400,Vial,999,FALSE
Folic Acid 5mg,Pharmacy,15,10,Tablet,999,FALSE
"Frusemide 10mg/ml, 2ml",Pharmacy,100,150,Ampoule,999,FALSE
Frusemide 40mg,Pharmacy,15,10,Tablet,999,FALSE
Gauze roll,Pharmacy,0,7000,roll,999,FALSE
Gauze square,Pharmacy,0,2000,pack,999,FALSE
"Gentamicin 40mg/ml, 2ml",Pharmacy,120,250,Ampoule,999,FALSE
"Gentamicin 80mg/ml, 2ml",Pharmacy,240,250,Ampoule,999,FALSE
Gentamycin eye/ear drops,Pharmacy,500,450,Each,999,FALSE
Gentamycin eye/ear drops,Pharmacy,500,500,Each,999,FALSE
"GV – Gentian violet paint, aqueous 1%",Pharmacy,900,950,25g,999,FALSE
Giving set iv administration,Pharmacy,0,200,Each,999,FALSE
Glibenclamide 5mg,Pharmacy,15,20,Tablet,999,FALSE
Glove surgeon`s size 7 sterile,Pharmacy,0,200,pair,999,FALSE
Glove surgeon`s size 7.5 sterile,Pharmacy,0,200,pair,999,FALSE
glucose test strip,Pharmacy,0,520,each,999,FALSE
Gluteraldehyde soln 2% (Cidex) 5litres,Pharmacy,18000,21000,Gallon,999,FALSE
Glycerine suppository,Pharmacy,0,200,Each,999,FALSE
Griseofulvin 500mg,Pharmacy,40,100,Tablet,999,FALSE
Haloperidol 5mg,Pharmacy,0,40,Tablet,999,FALSE
"Haloperidol 5mg/ml, 1ml",Pharmacy,360,450,Ampoule,999,FALSE
Halothane 250ml,Pharmacy,30000,35000,Vial,999,FALSE
Health Passport Book,Documentation,150,200,Each,999,FALSE
Heamacell 500ml,Pharmacy,2000,8000,Bottle,999,FALSE
Hilderm-CH,Pharmacy,0,1200,Each,999,FALSE
Hydralazine hydrocloride 20mg powder inj,Pharmacy,750,1000,Ampoule,999,FALSE
Hydralazine hydrocloride 25mg,Pharmacy,40,45,Tablet,999,FALSE
HCT – Hydrochlorothiazide 25mg,Pharmacy,15,10,Tablet,999,FALSE
Hydrocortisone ointment 1%,Pharmacy,750,750,Each,999,FALSE
Hydrocortisone sod succinate iv 100mg/2ml,Pharmacy,0,750,Ampoule,999,FALSE
"Hydrogen peroxide, 20 vol.",Pharmacy,700,1100,Bottle,999,FALSE
Buscopan - Hyoscine Butylbromide 10mg,Pharmacy,25,50,Tablet,999,FALSE
Ibuprofen 200mg,Pharmacy,15,20,Tablet,999,FALSE
Ichthammol (ichthyol) 10% ointment,Pharmacy,0,700,Each,999,FALSE
Indocid – Indomethacin 25mg,Pharmacy,15,20,Tablet,999,FALSE
"Insulin Lente 100 IU/ml, 10ml",Pharmacy,2000,15600,Vial,999,FALSE
"Insulin soluble 100 IU/ml, 10ml",Pharmacy,2000,15600,Vial,999,FALSE
Iodine solution (Betadine) 10%,Pharmacy,1200,3250,Bottle,999,FALSE
Isosorbide dinitrate 10mg,Pharmacy,25,20,Tablet,999,FALSE
"Ketamine hydrochloride 50mg/ml, 10ml",Pharmacy,1000,1500,Vial,999,FALSE
Ketoconazole 200mg,Pharmacy,15,20,Tablet,999,FALSE
Levofloxacin 250mg,Pharmacy,150,125,Tablet,999,FALSE
"Lidocaine 1%,25ML",Pharmacy,500,550,Bottle,999,FALSE
LIdocaine 2% 30ML,Pharmacy,0,600,Bottle,999,FALSE
"Lidocaine 2%+epinephrine Dental, 1.8ml",Pharmacy,800,1050,vial,999,FALSE
"Lidocaine 5%+dextrose7.5%heavy spinal,2ml",Pharmacy,800,900,Ampoule,999,FALSE
Lidocaine spray,Pharmacy,4800,5000,Each,999,FALSE
Liquid Paraffin,Pharmacy,1800,1800,Bottle,999,FALSE
Lisinopril 10mg,Pharmacy,150,125,Tablet,999,FALSE
Loperamide 2mg,Pharmacy,25,20,Tablet,999,FALSE
LA – Lumefantrine and Artemether 12's,Pharmacy,1800,2000,Dose,999,FALSE
LA – Lumefantrine and Artemether 18's,Pharmacy,2200,2000,Dose,999,FALSE
LA – Lumefantrine and Artemether 24's,Pharmacy,2500,2000,Dose,999,FALSE
LA – Lumefantrine and Artemether 6's,Pharmacy,1800,2000,Dose,999,FALSE
"Magnesium sulphate 50%, 20ml",Pharmacy,150,900,Vial,999,FALSE
Magnesium trisilicate compound,Pharmacy,15,15,Tablet,999,FALSE
Mask face disposable paper 2-ply,Pharmacy,0,850,50,999,FALSE
Mefenamic acid 250mg,Pharmacy,25,30,Tablet,999,FALSE
Metformin 500mg,Pharmacy,15,50,Tablet,999,FALSE
Metformin 850mg,Pharmacy,15,50,Tablet,999,FALSE
Methylated Spirit 1000ml,Pharmacy,15600,16650,Gallon,999,FALSE
Methyldopa 250mg,Pharmacy,20,80,Tablet,999,FALSE
Metoclopramide 10mg,Pharmacy,15,30,Tablet,999,FALSE
Metoclopramide 10mg/2ml inj,Pharmacy,150,300,Ampoule,999,FALSE
Flagyl – Metronidazole 200mg,Pharmacy,20,20,Tablet,999,FALSE
"Flagyl – Metronidazole iv 5mg/ml, 100ml",Pharmacy,400,750,Bottle,999,FALSE
Flagyl – Metronidazole oral suspension 200mg/5ml,Pharmacy,700,600,Bottle,999,FALSE
Miconazole cream,Pharmacy,750,650,Each,999,FALSE
Microgynon Fe,Pharmacy,900,900,cycle,999,FALSE
Misoprostol,Pharmacy,250,210,Tablet,999,FALSE
"Naloxone 0.4mg/ml, 1ml",Pharmacy,450,650,Ampoule,999,FALSE
Neostigmine 2.5mg/ml,Pharmacy,900,1600,Ampoule,999,FALSE
Nifedipine 10mg,Pharmacy,20,25,Tablet,999,FALSE
Nifedipine 20mg,Pharmacy,25,30,Tablet,999,FALSE
Nitrofurantoin 100mg,Pharmacy,15,60,Tablet,999,FALSE
Nitroglycerine 0.5mg (glyceryl trinitrate),Pharmacy,40,45,Tablet,999,FALSE
Norethesterone 5mg,Pharmacy,300,350,Tablet,999,FALSE
Nylon monofilament -2/0,Pharmacy,0,13000,12,999,FALSE
Nylon monofilament 1,Pharmacy,0,13000,12,999,FALSE
Nylon monofilament 2,Pharmacy,0,13000,12,999,FALSE
"Nystatin oral suspension 100,000 IU/dose",Pharmacy,450,800,Bottle,999,FALSE
"Nystatin pessaries 100,000 IU",Pharmacy,850,600,Pack,999,FALSE
Omeprazole 20mg,Pharmacy,60,60,Tablet,999,FALSE
ORS – Oral rehydration sachet for 1L solution,Pharmacy,150,200,sachet,999,FALSE
"Oxytocin 10 IU/ml, 1ml",Pharmacy,150,100,Ampoule,999,FALSE
PCM – Paracetamol syrup 120mg/5ml,Pharmacy,400,500,Bottle,999,FALSE
PCM – Paracetamol 500mg,Pharmacy,15,20,Tablet,999,FALSE
PCM – Paracetamol suppository child,Pharmacy,150,200,Each,999,FALSE
Paradehyde inj,Pharmacy,10000,15600,Ampoule,999,FALSE
Penicillin V 250mg,Pharmacy,20,30,Tablet,999,FALSE
Pethidine hydrochloride 100mg,Pharmacy,2000,2000,Ampoule,999,FALSE
Phenobarbitone 30mg,Pharmacy,15,10,Tablet,999,FALSE
Phenobarbitone inj,Pharmacy,600,1000,Ampoule,999,FALSE
Phenytoin 25mg,Pharmacy,20,20.7999992371,Tablet,999,FALSE
Pill bags,Pharmacy,0,11,Each,999,FALSE
"Plaster, zinc oxide 7.5cm",Pharmacy,0,850,Each,999,FALSE
Podophyllin paint 10ml,Pharmacy,1800,3300,Bottle,999,FALSE
Potassium Chloride(slow K) 600mg,Pharmacy,50,65,Tablet,999,FALSE
Praziquantel 600mg,Pharmacy,120,150,Tablet,999,FALSE
Prednisolone 5mg,Pharmacy,15,30,Tablet,999,FALSE
Proguanil 100mg,Pharmacy,20,20,Tablet,999,FALSE
Promethazine hydrochloride 25mg,Pharmacy,25,20,Tablet,999,FALSE
"Promethazine hydrochloride 25mg/ml, 2ml",Pharmacy,150,450,Ampoule,999,FALSE
Propofol inj,Pharmacy,1600,9750,Ampoule,999,FALSE
Propranolol 40mg,Pharmacy,15,20,Tablet,999,FALSE
Pyridoxine (Vitamin B6) 20mg,Pharmacy,15,10,Tablet,999,FALSE
Quardem cream,Pharmacy,900,750,Each,999,FALSE
"Quinine dihydrochloride 300mg/ml, 2ml",Pharmacy,300,350,Ampoule,999,FALSE
Quinine hydrochloride 300mg,Pharmacy,60,70,Tablet,999,FALSE
Ranitidine 150mg,Pharmacy,15,20,Tablet,999,FALSE
Salbutamol 4mg,Pharmacy,20,20,Tablet,999,FALSE
Salbutamol nebuliser,Pharmacy,1000,1000,Ampoule,999,FALSE
Salbutamol syrup,Pharmacy,700,800,Bottle,999,FALSE
"Salbutamol/ventolin inhaler, 100mcg/d",Pharmacy,2500,2500,Bottle,999,FALSE
Scalpel blade size 11,Pharmacy,0,45,Each,999,FALSE
Scalpel blade size 15,Pharmacy,0,45,Each,999,FALSE
Scalpel blade size 20,Pharmacy,0,45,Each,999,FALSE
Scalpel blade size 21,Pharmacy,0,45,Each,999,FALSE
Scalpel blade size 6,Pharmacy,0,45,Each,999,FALSE
Scapel blade size 22,Pharmacy,0,45,Each,999,FALSE
Scapel blade size 24,Pharmacy,0,45,Each,999,FALSE
Scapel blade sze 23,Pharmacy,0,45,Each,999,FALSE
Silver nitrate pencil,Pharmacy,5000,6300,Each,999,FALSE
Silver sulphadiazine cream 1%,Pharmacy,750,750,tube,999,FALSE
"Sodium chloride 0.9%, 1000ml",Pharmacy,1500,1900,Bottle,999,FALSE
Sodium lactate cpd (Ringer`s lactate)1000ml,Pharmacy,1500,1900,Bottle,999,FALSE
SP (Sulphadox 500mg/ pyrimetha 25mg),Pharmacy,10,20,Tablet,999,FALSE
Spinal needles G20,Pharmacy,0,350,Each,999,FALSE
Spinal needles G22,Pharmacy,0,350,Each,999,FALSE
Spironolactone 25mg,Pharmacy,40,60,Tablet,999,FALSE
Suxamethonium 100mg/2ml,Pharmacy,15,520,Ampoule,999,FALSE
Syringe insulin 100 IU with needle,Pharmacy,0,200,Each,999,FALSE
"Syringe, 10ml",Pharmacy,0,120,Each,999,FALSE
"Syringe, 20ml, disposable",Pharmacy,0,250,Each,999,FALSE
"Syringe,5ml, disposable",Pharmacy,0,75,Each,999,FALSE
"Syringes 2ml,disposable",Pharmacy,0,75,Each,999,FALSE
Telmisartan 40mg and amlodipine 5mg,Pharmacy,40,100,Tablet,999,FALSE
Tetracycline eye ointment 1% (TEO),Pharmacy,350,350,Each,999,FALSE
"Thiopentone sodium 500mg, PFR",Pharmacy,1000,2000,Vial,999,FALSE
Tramadol+paracetamol tabs,Pharmacy,40,100,Tablet,999,FALSE
Transfusion set blood administration,Pharmacy,0,200,Each,999,FALSE
Triamcinolone 40mg inj,Pharmacy,3500,3500,Vial,999,FALSE
Triple Action cream,Pharmacy,0,1200,Each,999,FALSE
Tube feeding CH 16,Pharmacy,0,250,Each,999,FALSE
"Tube, feeding CH 12",Pharmacy,0,250,Each,999,FALSE
"Tube, feeding CH 14",Pharmacy,0,250,Each,999,FALSE
"Tube, feeding CH 6",Pharmacy,0,250,Each,999,FALSE
"Tube, feeding CH 8",Pharmacy,0,250,Each,999,FALSE
Vagid cl,Pharmacy,0,2250,Pack,999,FALSE
Vecuronium bromide,Pharmacy,16000,20385,Vial,999,FALSE
Vicry2,Pharmacy,0,13000,12,999,FALSE
Vicryl 2-0 absorbable,Pharmacy,0,13000,12,999,FALSE
Vicryl 3/0 V 393-H absorbable,Pharmacy,0,13000,12,999,FALSE
"Vicryl coated 1 on rev cut needle,",Pharmacy,0,13000,12,999,FALSE
Vitamin B complex strong,Pharmacy,20,25,Tablet,999,FALSE
Vitamin K inj 10mg/ml,Pharmacy,250,250,Vial,999,FALSE
"Vitamin, multiple",Pharmacy,20,25,Tablet,999,FALSE
Warfarin 5mg,Pharmacy,30,60,Tablet,999,FALSE
"Water for injections, 10ml",Pharmacy,70,65,Vial,999,FALSE
Whitfield ointment compound,Pharmacy,750,1000,Each,999,FALSE
Zinc tablets 20mg,Pharmacy,30,40,Tablet,999,FALSE
24 hr VMA assay,Laboratory,1000,4000,Each,999,FALSE
ABO Anti-D,Laboratory,1000,0,Each,999,FALSE
"ABO,Anti A + B",Laboratory,1000,0,Each,999,FALSE
acid alcohol fast bacilli,Laboratory,1000,3000,Each,999,FALSE
acid phosphates,Laboratory,1000,2000,Each,999,FALSE
AFI,Laboratory,1000,4500,Each,999,FALSE
albumin,Laboratory,1500,2000,Each,999,FALSE
alcohol blood vessels,Laboratory,1000,3600,Each,999,FALSE
Alkaline Phosphate,Laboratory,1000,2000,Each,999,FALSE
alpha feto-protein (AFP),Laboratory,1000,7200,Each,999,FALSE
ALT/SGOT/100,Laboratory,2500,3500,Each,999,FALSE
amylase,Laboratory,1000,1500,Each,999,FALSE
ANF,Laboratory,1000,9000,Each,999,FALSE
antistreptolysin – O,Laboratory,1000,1500,Each,999,FALSE
AST/SGOT/100,Laboratory,1000,3500,Each,999,FALSE
bense jones proteins,Laboratory,1000,2000,Each,999,FALSE
biriribin (total and direct),Laboratory,2000,1500,Each,999,FALSE
birirubinuria,Laboratory,2000,3500,Each,999,FALSE
bleeding time,Laboratory,1000,2000,Each,999,FALSE
blood cross-mach,Laboratory,2000,5500,Each,999,FALSE
blood culture and sensitivity,Laboratory,1500,5500,Each,999,FALSE
blood group and rhesus status,Laboratory,1000,2000,Each,10,FALSE
brucella,Laboratory,1000,2000,Each,999,FALSE
C- reactive protein,Laboratory,1000,1500,Each,999,FALSE
Calcium,Laboratory,1500,2000,Each,999,FALSE
carbon dioxide,Laboratory,1000,2000,Each,999,FALSE
CD4 count,Laboratory,1000,1800,Each,999,FALSE
CSF analysis,Laboratory,2500,6000,Each,999,FALSE
Chloride,Laboratory,1000,2000,Each,999,FALSE
cholesterol,Laboratory,2000,2000,Each,999,FALSE
CK-MB,Laboratory,4500,4000,Each,999,FALSE
coombs-direct and indirect,Laboratory,1000,2000,Each,999,FALSE
Crag,Laboratory,1500,4000,Each,999,FALSE
creatinine,Laboratory,3500,2000,Each,8,FALSE
CRP,Laboratory,3000,6000,Each,999,FALSE
culture,Laboratory,1000,3000,Each,999,FALSE
CVM,Laboratory,1000,10800,Each,999,FALSE
DBIL-,Laboratory,2000,2500,Each,999,FALSE
differential only,Laboratory,1000,2000,Each,999,FALSE
Urine Dipstick,Laboratory,500,2000,Each,999,FALSE
eosinophil count,Laboratory,800,2000,Each,999,FALSE
epillim and tegretol blood vessels,Laboratory,1000,3600,Each,999,FALSE
erythomatosus cells,Laboratory,800,1500,Each,999,FALSE
erythrocyte count,Laboratory,800,2000,Each,999,FALSE
ESR,Laboratory,1000,2000,Each,999,FALSE
folate,Laboratory,1000,3600,Each,999,FALSE
free iron,Laboratory,1000,3600,Each,999,FALSE
gamma glutamyl transferase,Laboratory,1000,1500,Each,999,FALSE
GGT –,Laboratory,2500,3000,Each,999,FALSE
Globulin,Laboratory,1000,2000,Each,999,FALSE
glucose tolerance test,Laboratory,1000,3000,Each,999,FALSE
glucossuria,Laboratory,1000,2000,Each,999,FALSE
gram stain,Laboratory,1000,3000,Each,999,FALSE
haematocrit,Laboratory,800,2000,Each,999,FALSE
haematuria,Laboratory,1000,2000,Each,999,FALSE
Haemoglobin (HB),Laboratory,800,2000,Each,999,FALSE
HBsAg,Laboratory,1000,2000,Each,999,FALSE
HCV,Laboratory,1000,2000,Each,999,FALSE
HDL,Laboratory,3500,3500,Each,999,FALSE
hepatitis A,Laboratory,1000,2000,Each,999,FALSE
Hepatitis B,Laboratory,1000,2000,Each,999,FALSE
Hepatitis C,Laboratory,1000,2000,Each,999,FALSE
herpes abs,Laboratory,1000,7200,Each,999,FALSE
histology (Biopsy),Laboratory,4500,5400,Each,999,FALSE
HIV (elisa),Laboratory,1500,3000,Each,999,FALSE
HIV (rapid),Laboratory,1000,2000,Each,999,FALSE
HIV (western blot),Laboratory,1500,6000,Each,999,FALSE
india ink,Laboratory,1000,3500,Each,999,FALSE
Infectious mononucleosis,Laboratory,1000,2000,Each,999,FALSE
ketonuria,Laboratory,1000,2000,Each,999,FALSE
lactate dehydrogenase,Laboratory,1000,1500,Each,999,FALSE
LDH,Laboratory,1000,1500,Each,999,FALSE
LDL,Laboratory,3500,3500,Each,999,FALSE
lee white coagulation time,Laboratory,800,1500,Each,999,FALSE
LH,Laboratory,1000,4500,Each,999,FALSE
Lipase,Laboratory,5000,4500,Each,999,FALSE
lithium,Laboratory,1000,2000,Each,999,FALSE
lupus,Laboratory,800,1500,Each,999,FALSE
BF – malaria parasite smear,Laboratory,500,1000,Each,3,FALSE
mRDT,Laboratory,500,500,Each,2,FALSE
FBC (Full Blood Count),Laboratory,1000,3000,Each,1,FALSE
oestradiol,Laboratory,1000,4500,Each,999,FALSE
other culture and sensitivities,Laboratory,1000,5500,Each,999,FALSE
other haemo parasite smear,Laboratory,1000,2000,Each,999,FALSE
pap smear,Laboratory,1000,3600,Each,999,FALSE
Peripheral blood film/smear/PBF/PBS),Laboratory,1000,5000,Each,999,FALSE
phenytoin blood vessels,Laboratory,1000,3600,Each,999,FALSE
platelet count,Laboratory,800,1500,Each,999,FALSE
potassium,Laboratory,1000,2000,Each,999,FALSE
proclatin,Laboratory,1000,5400,Each,999,FALSE
progesterone,Laboratory,1000,6300,Each,999,FALSE
protein total,Laboratory,1000,1500,Each,999,FALSE
prothrombin time,Laboratory,1000,1500,Each,999,FALSE
PSA (Prostatic Specific Antigen),Laboratory,5250,6300,Each,999,FALSE
rectal snip exam,Laboratory,1000,2000,Each,999,FALSE
red cell indices reticulocyte count,Laboratory,1000,1500,Each,999,FALSE
RF specific Protein,Laboratory,4500,4000,Each,999,FALSE
schistosoma igG,Laboratory,1000,2000,Each,999,FALSE
schistosoma igM,Laboratory,1000,2000,Each,999,FALSE
SD CHECK/25,Laboratory,1500,2000,Each,999,FALSE
sediment microscopy,Laboratory,1000,2000,Each,999,FALSE
semen analysis,Laboratory,2000,3000,Each,999,FALSE
SGOT – AST,Laboratory,1000,1500,Each,999,FALSE
SGPT – ALT,Laboratory,1000,2000,Each,999,FALSE
SH,Laboratory,1000,4500,Each,999,FALSE
sickle cell test,Laboratory,1000,1500,Each,999,FALSE
sodium,Laboratory,1000,2000,Each,999,FALSE
specific gravity,Laboratory,1000,2000,Each,999,FALSE
stool microscopy,Laboratory,1000,2000,Each,999,FALSE
stool ocult blood,Laboratory,1000,2000,Each,999,FALSE
T. Protein,Laboratory,1000,1500,Each,999,FALSE
T3,Laboratory,4500,9000,Each,999,FALSE
T4,Laboratory,4500,9000,Each,999,FALSE
TBIL-,Laboratory,2000,2500,Each,999,FALSE
testestorone,Laboratory,1000,3600,Each,999,FALSE
Thyronine T4,Laboratory,1000,5400,Each,999,FALSE
tri-iodo- thyronine (T3),Laboratory,1000,5400,Each,999,FALSE
triglycerides,Laboratory,3000,2000,Each,999,FALSE
TSH,Laboratory,1000,9000,Each,999,FALSE
uric acid,Laboratory,2000,2000,Each,999,FALSE
Urinalysis ( full report),Laboratory,1000,2000,Each,5,FALSE
urine microscopy,Laboratory,1000,2000,Each,999,FALSE
urobilinogen,Laboratory,1000,2000,Each,999,FALSE
VDRL – Syphilis,Laboratory,1000,2000,Each,9,FALSE
viral load,Laboratory,1000,10800,Each,999,FALSE
vitamin B12,Laboratory,1000,4500,Each,999,FALSE
wet prep – T. vag,Laboratory,1000,3000,Each,999,FALSE
white cell count,Laboratory,1000,1500,Each,999,FALSE
Typhoid Test – widal,Laboratory,1000,2000,Each,999,FALSE
Abdomen (KUB),Radiology,3000,7500,Each,7,FALSE
Barium Enema,Radiology,20000,60000,Each,999,FALSE
Barium Follow Through,Radiology,10000,30000,Each,999,FALSE
BARIUM MEAL,Radiology,8000,18000,Each,999,FALSE
Barium Swallow,Radiology,8000,18000,Each,999,FALSE
Breast Ultrasound,Radiology,2500,7500,Each,999,FALSE
C- Arm Examination,Radiology,1500,30000,Each,999,FALSE
Cardiac Ultrasound,Radiology,2500,7500,Each,999,FALSE
Xray Neck – Cervical Spine (AP + LAT),Radiology,3000,9000,Each,999,FALSE
Chest Xray (Lateral views),Radiology,3000,9000,Each,999,FALSE
Chest Xray (AP + PA Views),Radiology,3000,9000,Each,1,FALSE
Chest Xray (Portable),Radiology,3000,9000,Each,999,FALSE
Compact Disc Xray Report,Radiology,1500,2000,Each,999,FALSE
Elbow Xray (AP + LAT View),Radiology,3000,9000,Each,999,FALSE
Facial Bones Xray,Radiology,3000,9000,Each,999,FALSE
Femur Xray (AP + LAT Views),Radiology,3000,9000,Each,999,FALSE
Forearm Xray (AP + LAT Views),Radiology,3000,9000,Each,999,FALSE
Gastrographic Swallow ,Radiology,20000,30000,Each,999,FALSE
Hand Xray (AP + LAT Views),Radiology,3000,9000,Each,999,FALSE
HSG – Hysterosalpingogram,Radiology,20000,37500,Each,999,FALSE
Intravenous Urography (IVP/IUP),Radiology,35000,52500,Each,999,FALSE
Knee Xray (AP + LAT Views),Radiology,3000,9000,Each,999,FALSE
KUB,Radiology,2500,7500,Each,999,FALSE
Lumbar Spine Xray (AP + LAT Views),Radiology,3000,9000,Each,4,FALSE
Mandible Xray (AP + Oblique Views),Radiology,3000,9000,Each,999,FALSE
Micturating Urethrogram,Radiology,37500,37500,Each,999,FALSE
Myelogram,Radiology,45000,45000,Each,999,FALSE
Obstetrics Ultrasound Scan,Radiology,2500,7500,Each,6,FALSE
Orbits,Radiology,3000,9000,Each,999,FALSE
Others,Radiology,2500,7500,NULL,999,TRUE
Pelvic ultrasound scan,Radiology,2500,7500,Each,7,FALSE
Pelvis Xray,Radiology,3000,9000,Each,999,FALSE
Renal Ultrasound,Radiology,2500,7500,Each,999,FALSE
Retrograde cysto-urethrogram,Radiology,20000,37500,Each,999,FALSE
Scapula Xray,Radiology,3000,9000,Each,999,FALSE
Shoulder Xray,Radiology,3000,9000,Each,999,FALSE
SINOGRAM,Radiology,20000,30000,Each,999,FALSE
Skull Xray (AP + LAT Views),Radiology,3000,9000,Each,5,FALSE
Skull Xray (LAT Views),Radiology,3000,9000,Each,999,FALSE
Skull Xray (Townes Views),Radiology,3000,9000,Each,999,FALSE
Thoracic Spine Xray (AP + LAT Views),Radiology,3000,9000,Each,999,FALSE
Tibia/Fibula Xray (AP + LAT Views),Radiology,3000,9000,Each,999,FALSE
Upper Arm Xray (AP + LAT Views),Radiology,3000,9000,Each,999,FALSE
URETHROGRAM(HCG),Radiology,37500,37500,Each,10,FALSE
Lumbar puncture,Other Procedures,1500,1500,Each,999,FALSE
O/items: catheters,Other Procedures,2000,0,Each,999,FALSE
O/items: Bags,Other Procedures,2000,0,Each,999,FALSE
O/items: Batterlies,Other Procedures,2000,0,Each,999,FALSE
Cathetirisation,Other Procedures,2500,0,Each,999,FALSE
Drainage of joint,Surgery,4500,0,Each,999,FALSE
Insertion of Traction Pin,Surgery,4500,0,Each,999,FALSE
Urethra Dilation,Surgery,5000,0,Each,999,FALSE
Induction with Cytotec/ pitocin,Maternity,3500,7000,Each,999,FALSE
Incision and drainage(marsupulization),Maternity,7000,40000,Each,999,FALSE
Anal strength,Surgery,7000,18000,Each,999,FALSE
Cervix Biopsy (Punch),Maternity,7000,15500,Each,999,FALSE
Shirodkar Cerclage,Maternity,7000,35500,Each,999,FALSE
Removal of ganglion,Surgery,7000,15000,Each,999,FALSE
Fistulectomy,Surgery,13500,22000,Each,999,FALSE
Sequestrectomy,Surgery,7000,52000,Each,999,FALSE
Excision Lipoma,Surgery,7000,10000,Each,999,FALSE
Excision Biopsy,Other Procedures,7000,10000,Each,999,FALSE
ECG without effort,Other Procedures,0,7800,Each,999,FALSE
Tendon Repair,Other Procedures,8000,0,Each,999,FALSE
Wound Debridement,Other Procedures,8500,145000,Each,999,FALSE
Repair of third degree tear,Other Procedures,8500,13000,Each,999,FALSE
ECG with and without effort,Other Procedures,0,9000,Each,999,FALSE
needle biopsy,Other Procedures,0,10000,Each,999,FALSE
external cephalic version,Other Procedures,0,10150,Each,999,FALSE
Removal skin tumour,Other Procedures,10200,0,Each,999,FALSE
Lymph node Biopsy,Other Procedures,10200,0,Each,999,FALSE
Removal of foreign body,Other Procedures,10200,6000,Each,999,FALSE
limited repeat,Other Procedures,0,12000,Each,999,FALSE
keratometry,Other Procedures,0,12000,Each,999,FALSE
A/scanning,Other Procedures,0,12000,Each,999,FALSE
retinoscopy+ subjective refraction,Other Procedures,0,12000,Each,999,FALSE
Skin Traction,Other Procedures,12000,0,Each,999,FALSE
Circumcision Voluntary (VMMC),Other Procedures,13000,25000,Each,999,FALSE
MVA (Manual Vacuum Aspiration),Other Procedures,13000,0,Each,999,FALSE
Haemorrhoidectomy,Other Procedures,13500,0,Each,999,FALSE
Skin grafting,Other Procedures,13500,0,Each,999,FALSE
Suprapubic Catheter,Other Procedures,13500,0,Each,999,FALSE
Amputation of limb,Other Procedures,13500,0,Each,999,FALSE
Tonsillectomy,Other Procedures,13500,0,Each,999,FALSE
First lesion,Other Procedures,0,15500,Each,999,FALSE
Cauterisation,Other Procedures,0,15500,Each,999,FALSE
diagnostic,Other Procedures,0,15500,Each,999,TRUE
punch biopsy,Other Procedures,0,15500,Each,999,FALSE
surgical toilet and suturing of < cm superficial,Other Procedures,0,15500,Each,999,FALSE
Lid laceration repair,Other Procedures,0,16000,Each,999,FALSE
clavicle arthrotomy,Other Procedures,0,16000,Each,999,FALSE
diagnostic pleuarl tap,Other Procedures,0,16000,Each,999,FALSE
percutaneous needle biopsy,Other Procedures,0,16000,Each,999,FALSE
Evacuation,Maternity,17000,35500,each,999,FALSE
Dilation and Curettage,Maternity,17000,45000,each,999,FALSE
VVF Repair,Maternity,17000,0,each,999,FALSE
Polypectomy,Surgery,17000,0,each,999,FALSE
Hernia Repair,Surgery,17000,0,each,999,FALSE
MANUAL REMOVAL OF PLACENTA (midwife),Maternity,8000,18000,each,999,FALSE
EUA,Surgery,0,35500,each,999,FALSE
maximal anal dilation,Surgery,0,18000,each,999,FALSE
drainage of pararectal abscess,Surgery,0,18000,each,999,FALSE
drainage of thrombosed pile,Surgery,0,18000,each,999,FALSE
exscision of anal skin tag,Surgery,0,18000,each,999,FALSE
needle biopsy,Surgery,0,18000,each,999,FALSE
abscess marsupialization( Incision and drainange),Surgery,0,21000,each,999,FALSE
wedge biopsy cervix,Surgery,0,21200,each,999,FALSE
Manual removal of placenta (Clinician),Surgery,20300,22000,each,999,FALSE
removal of tag or plyp,Surgery,0,22000,each,999,FALSE
removal of superficial benign lesion,Surgery,0,22000,each,999,FALSE
fine needle aspiration,Surgery,0,22000,each,999,FALSE
shoulder arthrotomy,Surgery,0,22000,each,999,FALSE
carpo-metacarpal-phalangeal or interphalangeal,Surgery,0,22000,each,999,FALSE
theraupeautic tap,Surgery,0,22000,each,999,FALSE
diagnostic peritoneal lavage,Surgery,0,22000,each,999,FALSE
internal sphicteroctomy,Surgery,0,22000,each,999,FALSE
fistulectomy,Surgery,0,22000,each,999,FALSE
Split sking graft,Surgery,0,23000,each,999,FALSE
minor ofice procedures,Surgery,0,24000,each,999,FALSE
needle biopsy,Surgery,0,24000,each,999,FALSE
excision of ingrowing nail,Surgery,0,24000,each,999,FALSE
surgical toilet and suturing superficial laceration,Surgery,0,25000,each,999,FALSE
Steroid injection,Surgery,0,25000,each,999,FALSE
Joint aspiration,Surgery,2400,25000,each,999,FALSE
examination under anaesthesia (EUA),Surgery,27300,35500,each,999,FALSE
bone marow biopsy,Surgery,0,25000,each,999,FALSE
therapeautic paracentesis,Surgery,0,25000,each,999,FALSE
Repair of ruptured uterus,Surgery,25000,90000,each,999,FALSE
MANUAL REMOVAL OF PLACENTA (theater),Surgery,0,26000,each,999,FALSE
assisted breech,Surgery,0,27000,each,999,FALSE
repair of third degree tear,Surgery,0,27000,each,999,FALSE
wide spread,Surgery,0,30000,each,999,FALSE
therapeutic,Surgery,0,30000,each,999,FALSE
Lid reconstruction,Surgery,0,30000,each,999,FALSE
examination of eye under GA,Surgery,0,30000,each,999,FALSE
incisional biopsy of soft growing tissue tumour,Surgery,0,30000,each,999,FALSE
Keloidectomy,Surgery,7000,30000,each,999,FALSE
Drainage of abscess,Surgery,0,30000,each,999,FALSE
Inciscion biopsy,Surgery,0,30000,each,999,FALSE
escharotomy,Surgery,0,30000,each,999,FALSE
punch graft,Surgery,0,30000,each,999,FALSE
Acute osteomyelitis drainage,Surgery,0,30000,each,999,FALSE
patella ORIF,Surgery,0,60000,each,999,FALSE
Tenotomy/tenolysis,Surgery,0,30000,each,999,FALSE
finger disaticulation,Surgery,0,30000,each,999,FALSE
ACL reconstruction,Surgery,0,30000,each,999,FALSE
Carpal tunnel syndrome release,Surgery,0,30000,each,999,FALSE
De deQuervain tenosynovitis for release,Surgery,0,30000,each,999,FALSE
Bunionectomy,Surgery,0,30000,each,999,FALSE
Incisional biopsy for bone turmours,Surgery,0,30000,each,999,FALSE
laryngoscopy,Surgery,0,30000,each,999,FALSE
under water seal drain,Surgery,0,30000,each,999,FALSE
FNA lymph node biopsy,Surgery,0,30000,each,999,FALSE
venous cut down,Surgery,0,30000,each,999,FALSE
local excision of a lip lesion,Surgery,0,30000,each,999,FALSE
Heamorrhoidectomy,Surgery,0,30000,each,999,FALSE
cystoscopy,Surgery,0,30000,each,999,FALSE
breech extraction,Surgery,0,30500,each,999,FALSE
elbow arthrotomy,Surgery,0,30500,each,999,FALSE
Oophorectomy,Surgery,30500,90000,each,999,FALSE
inguinal herniotomy,Surgery,0,31000,each,999,FALSE
Arteriovenous fistual for haemodilysis,Surgery,0,34000,each,999,FALSE
Placement of peritoneal catheter dilatation,Surgery,0,34000,each,999,FALSE
BTL,Surgery,2000,35000,each,999,FALSE
treatment of minor penetrating injury,Surgery,0,35000,each,999,FALSE
Clitoroplasty,Surgery,0,35000,each,999,FALSE
Delivery by general practioner,Surgery,0,35500,each,999,FALSE
removal of malignant lesion,Surgery,0,35500,each,999,FALSE
Lid abscess ( I and D),Surgery,0,35500,each,999,FALSE
Biopsy,Surgery,0,35500,each,999,FALSE
corneal foreign body removal (single),Surgery,0,35500,each,999,FALSE
conjuctival foreign body removal,Surgery,0,35500,each,999,FALSE
surgical toilet and suturing multiple superficial lace,Surgery,0,35500,each,999,FALSE
excision of benign tumour,Surgery,0,35500,each,999,FALSE
radious or ulna (closed reduction),Surgery,0,36000,each,999,FALSE
carpal bones,Surgery,0,36000,each,999,FALSE
bennets fracture,Surgery,0,36000,each,999,FALSE
metacarpal (simple),Surgery,0,36000,each,999,FALSE
manipulation and plaster per foot,Surgery,0,36000,each,999,FALSE
drainage of parotid abscess,Surgery,0,36000,each,999,FALSE
oesophagoscopy,Surgery,0,36000,each,999,FALSE
Gastrotomy,Surgery,0,36000,each,999,FALSE
repair of the omphalocele in the new born,Surgery,0,36000,each,999,FALSE
anal sphicteroplasty for incontinence,Surgery,0,36000,each,999,FALSE
inguinal herniorrhaphy,Surgery,0,37200,each,999,FALSE
Salpingectomy,Surgery,39000,80000,each,999,FALSE
Other major laparatomies,Surgery,39000,0,each,999,FALSE
excision of inclusion cyst,Surgery,0,40000,each,999,FALSE
abscess marsupialization,Surgery,7000,40000,each,999,FALSE
chalazion incision and curettage,Surgery,0,40000,each,999,FALSE
trichiasis repair (MMG),Surgery,0,40000,each,999,FALSE
Resuscitation,Surgery,0,40000,each,999,FALSE
wrist arthrotomy,Surgery,0,40000,each,999,FALSE
lunate arthrotomy,Surgery,0,40000,each,999,FALSE
toe disarticulation,Surgery,0,40000,each,999,FALSE
removal of foreign body,Surgery,2400,6000,each,999,FALSE
bronchoscopy,Surgery,0,40000,each,999,FALSE
excison lymph node biopsy,Surgery,0,40000,each,999,FALSE
excision of ranula/ intraoral cyst,Surgery,0,40000,each,999,FALSE
open biopsy via laparatomy,Surgery,0,40000,each,999,FALSE
Bougies,Surgery,0,41000,each,999,FALSE
separation of fused labia,Surgery,0,42000,each,999,FALSE
gland excision,Surgery,0,42000,each,999,FALSE
Excision of associated cyst or tumour,Surgery,0,42000,each,999,FALSE
drainage of asssociated abscess,Surgery,0,42000,each,999,FALSE
fibula,Surgery,0,42000,each,999,FALSE
knee arthrotomy,Surgery,0,42000,each,999,FALSE
oesophagoscopy and removal of foreighn body,Surgery,0,42000,each,999,FALSE
injection of oesophagus varices,Surgery,0,42000,each,999,FALSE
fermoral herniotomy,Surgery,0,42000,each,999,FALSE
repair of epigastric hernia,Surgery,0,42000,each,999,FALSE
ectropion correction,Surgery,0,43000,each,999,FALSE
pitosis correction (unilateral),Surgery,0,43000,each,999,FALSE
Intraescrotal varicocelectomy,Surgery,0,43000,each,999,FALSE
delivery by specialist pediatrician,Surgery,0,44000,each,999,FALSE
fermoral herniorrhaphy,Surgery,0,44000,each,999,FALSE
repair of umbilical hernia,Surgery,0,44000,each,999,FALSE
repair of incisional hernia,Surgery,0,44000,each,999,FALSE
Dand C,Surgery,0,45000,each,999,FALSE
D and C plus biopsy,Surgery,0,45000,each,999,FALSE
Evacuation of hydatiform mole,Surgery,0,45000,each,999,FALSE
Tumour escision,Surgery,0,45000,each,999,FALSE
treatment of major penetrating injury,Surgery,0,45000,each,999,FALSE
anterior vitrectomy,Surgery,0,45000,each,999,FALSE
mucolece drainage,Surgery,0,45000,each,999,FALSE
corneal /sceral laceration repair,Surgery,0,45000,each,999,FALSE
removal of blood from anterior chamber,Surgery,0,45000,each,999,FALSE
Excision of malignant soft tissue tumour,Surgery,0,45000,each,999,FALSE
excision of benign lesion,Surgery,0,45000,each,999,FALSE
subareolar cone excision of ducts,Surgery,0,45000,each,999,FALSE
nipple reconstruction,Surgery,0,45000,each,999,FALSE
debridement under GA,Surgery,0,45000,each,999,FALSE
excision of marjolin`s ulcer,Surgery,0,45000,each,999,FALSE
Tibia,Surgery,0,45000,each,999,FALSE
malleolus of ankle fracture,Surgery,0,45000,each,999,FALSE
tarsal bones and os calcis,Surgery,0,45000,each,999,FALSE
carpo metacarpal,Surgery,0,45000,each,999,FALSE
hip arthrotomy,Surgery,0,45000,each,999,FALSE
ankle arthrotomy,Surgery,0,45000,each,999,FALSE
ankle,Surgery,0,175000,each,999,FALSE
biceps humeri,Surgery,0,45000,each,999,FALSE
forearm flexor tendons,Surgery,0,45000,each,999,FALSE
forearms extensor tendons,Surgery,0,45000,each,999,FALSE
carpal tunnel release,Surgery,0,45000,each,999,FALSE
biopsy of nasopharynx under GA,Surgery,0,45000,each,999,FALSE
removal of nasal polyp,Surgery,0,45000,each,999,FALSE
quinsy – drainage,Surgery,0,45000,each,999,FALSE
tracheostomy,Surgery,0,45000,each,999,FALSE
bronchoscopy + removal f foreign body,Surgery,0,45000,each,999,FALSE
bronchoial lavage,Surgery,0,45000,each,999,FALSE
paracentesis of pericardium,Surgery,0,45000,each,999,FALSE
pericardial window,Surgery,0,45000,each,999,FALSE
excision of cysic hygroma,Surgery,0,45000,each,999,FALSE
vascular suturing,Surgery,0,45000,each,999,FALSE
ludwigs – anginadrainage,Surgery,0,45000,each,999,FALSE
exscision of submandibular gland tumour,Surgery,0,45000,each,999,FALSE
oesophagoscopy and dilation of stricture,Surgery,0,45000,each,999,FALSE
Sub Total Gastrectomy,Surgery,0,45000,each,999,FALSE
atresia,Surgery,0,45000,each,999,FALSE
colostomy,Surgery,0,45000,each,999,FALSE
sigmid vulvus sigmoioscopic decompression,Surgery,0,45000,each,999,FALSE
repair of burst abdomen,Surgery,0,45000,each,999,FALSE
anoplasty,Surgery,0,45000,each,999,FALSE
repair of bladder rupture,Surgery,0,45000,each,999,FALSE
meatoplasty,Surgery,0,45000,each,999,FALSE
open biopsy,Surgery,0,45000,each,999,FALSE
Hydrocelectomy,Surgery,0,45000,each,999,FALSE
Hysterectomy (TAH).,Surgery,45000,0,each,999,FALSE
drainage of haematocolpos,Surgery,0,45500,each,999,FALSE
LACRIMAL CANALICULI REPAIR,Surgery,0,48000,each,999,FALSE
transmetatarsal amputation,Surgery,0,50000,each,999,FALSE
excision of parotid gland adenoma,Surgery,NULL,50000,each,999,FALSE
oesophangeal intubation for inorperable ca . oesophagus,Surgery,0,50000,each,999,FALSE
transrectal drainage of pelvic abscess,Surgery,0,50000,each,999,FALSE
openbiopsy,Surgery,0,50000,each,999,TRUE
drainage of periurethral abscess,Surgery,0,50000,each,999,FALSE
Prostatectomy,Surgery,50000,0,each,999,FALSE
drainage of periphenic absecess,Surgery,0,51000,each,999,FALSE
Perineal urethrostomy,Surgery,0,51000,each,999,FALSE
Priapism(caverno-spongiosum-diversion),Surgery,0,51000,each,999,FALSE
Communicant hydrocele unilateralan biopsy,Surgery,0,51000,each,999,FALSE
chronic osteomyetis sequestrectomy,Surgery,0,52000,each,999,FALSE
ramsteds operation for congenital pyloric stenosis,Surgery,0,52000,each,999,FALSE
palliative gastrojejunostomy,Surgery,0,52000,each,999,FALSE
visual direct urethrotomy (VDU),Surgery,0,52000,each,999,FALSE
repair of peyronies disease,Surgery,0,52000,each,999,FALSE
testicular exploration,Surgery,0,52000,each,999,FALSE
pitosis correction (bilateral),Surgery,0,55000,each,999,FALSE
corneal foreign body removal (multiple),Surgery,0,55000,each,999,FALSE
drainage operation,Surgery,0,55000,each,999,FALSE
tibia and fibula,Surgery,0,55000,each,999,FALSE
achilles tendon,Surgery,0,55000,each,999,FALSE
total parotidectomy,Surgery,0,55000,each,999,FALSE
repair of perforated gastric ulcer,Surgery,0,55000,each,999,FALSE
repair of post traumatic liver injury,Surgery,0,55000,each,999,FALSE
drainage of liver abscess/ cyst,Surgery,0,55000,each,999,FALSE
choleystostomy,Surgery,0,65000,each,999,FALSE
drainage of subphrenic abscess,Surgery,0,55000,each,999,FALSE
removal of bladder stone/ foreign body cystolitotomy,Surgery,NULL,55000,each,999,FALSE
bladder neck wedge resection,Surgery,0,55000,each,999,FALSE
open biopsy of bladder tumour,Surgery,0,55000,each,999,FALSE
cone biopsy,Surgery,0,56000,each,999,FALSE
repair of conjuctival receration,Surgery,0,56000,each,999,FALSE
suturing of deep laceration with limited muscle damage,Surgery,0,56000,each,999,FALSE
colles fracturwe,Surgery,0,56000,each,999,FALSE
drainage of other intraperitoneal abscess,Surgery,0,56000,each,999,FALSE
posterior vitectromy,Surgery,0,58500,each,999,FALSE
radical excision for malignancy,Surgery,0,60000,each,999,FALSE
reconstruction of resulunt vaginal atresia,Surgery,0,60000,each,999,FALSE
EVA + D and C + biopsy,Surgery,0,60000,each,999,FALSE
drainage of pelvic abscess,Surgery,0,60000,each,999,FALSE
pterygium excision,Surgery,0,60000,each,999,FALSE
excenteration,Surgery,0,60000,each,999,FALSE
suturing a deep laceration wt extensive muscle damage,Surgery,0,60000,each,999,FALSE
quadrantectomy + nodal clearance,Surgery,0,60000,each,999,FALSE
bilateral mastectomy (male),Surgery,0,60000,each,999,FALSE
tangential excision+ grafting,Surgery,0,60000,each,999,FALSE
release of contracture,Surgery,0,60000,each,999,FALSE
partial thickness graft,Surgery,0,60000,each,999,FALSE
Ulna fracture,Surgery,0,60000,each,999,FALSE
fracture and dislocation of ankle ORIF,Surgery,0,60000,each,999,FALSE
Metatarsal/phalangeal fracture,Surgery,0,60000,each,999,FALSE
other bones,Surgery,0,60000,each,999,FALSE
Debridement and POP,Surgery,0,60000,each,999,FALSE
Fingers,Surgery,0,60000,each,999,FALSE
Knee,Surgery,0,60000,each,999,FALSE
Patella,Surgery,0,60000,each,999,FALSE
Toe,Surgery,0,60000,each,999,FALSE
pathological fracture secondary to osteomyetis,Surgery,0,60000,each,999,FALSE
operation for recirrent dislocation of shoulder,Surgery,0,60000,each,999,FALSE
Flexor tendons (upper limbs,Surgery,0,60000,each,999,FALSE
Extensor tendons (upper limbs),Surgery,0,60000,each,999,FALSE
Flexor/extensor tendon (lower limbs),Surgery,0,60000,each,999,FALSE
infrapatella/ quadriceps tendon,Surgery,0,60000,each,999,FALSE
tendon freeing operation,Surgery,0,60000,each,999,FALSE
below elbow amputation,Surgery,0,60000,each,999,FALSE
syme amputation,Surgery,0,60000,each,999,FALSE
Nerve repair,Surgery,0,60000,each,999,FALSE
Compartment syndrome for fasciotomy,Surgery,0,60000,each,999,FALSE
Excisional biopsy for borne tunours,Surgery,0,60000,each,999,FALSE
Joint biopsy,Surgery,0,60000,each,999,FALSE
sinus drainage,Surgery,0,60000,each,999,FALSE
retropharyngeal abscess dainage,Surgery,0,60000,each,999,FALSE
drainage of lung abscess,Surgery,0,60000,each,999,FALSE
operation for lympho-oedema,Surgery,0,60000,each,999,FALSE
Achalasia – hellers operation,Surgery,0,60000,each,999,FALSE
vagotomy and gastric drainage procedure,Surgery,0,60000,each,999,FALSE
drainage of pancreatic abscess,Surgery,0,60000,each,999,FALSE
perforated duodenal ulcer,Surgery,0,60000,each,999,FALSE
adhesionlysis,Surgery,0,60000,each,999,FALSE
meckes diverticulum,Surgery,0,60000,each,999,FALSE
mesenteric node biopsy,Surgery,0,60000,each,999,FALSE
appendicectomy,Surgery,0,60000,each,999,FALSE
repair of strangulated hernia without bowel resection,Surgery,0,60000,each,999,FALSE
pulldown operaton,Surgery,0,60000,each,999,FALSE
Delormes operation fo rrectal prolapse,Surgery,0,60000,each,999,FALSE
nephostomy,Surgery,0,60000,each,999,FALSE
pylolithotomy,Surgery,0,60000,each,999,FALSE
ureteroplasty,Surgery,0,60000,each,999,FALSE
Open ureteric stone extraction,Surgery,0,60000,each,999,FALSE
transurethral resection of bladder tumour,Surgery,0,60000,each,999,FALSE
unilateral orchidectomy,Surgery,0,60000,each,999,FALSE
Peripheral nerve repair,Surgery,0,60000,each,999,FALSE
cataract extraction (ECCE),Surgery,0,65000,each,999,FALSE
Fasciocutaneous flap,Surgery,0,65000,each,999,FALSE
Musculocutaneous flap,Surgery,0,65000,each,999,FALSE
Other complex flap,Surgery,0,65000,each,999,FALSE
femur – ORIF,Surgery,0,65000,each,999,FALSE
gastric devascularisation for oes varices,Surgery,0,65000,each,999,FALSE
intususeption,Surgery,0,65000,each,999,FALSE
olvulus,Surgery,0,65000,each,999,FALSE
suture of renal laceration,Surgery,0,65000,each,999,FALSE
repair of hypasodias,Surgery,0,65000,each,999,FALSE
subcapsular orchidectomy,Surgery,0,65000,each,999,FALSE
Upper limb,Surgery,0,66000,each,999,FALSE
tonsillectomy,Surgery,0,66000,each,999,FALSE
repair of lung laceration,Surgery,0,66000,each,999,FALSE
Edoscopic extraction of ureteric stone,Surgery,0,68000,each,999,FALSE
Bilateral orchidopexy,Surgery,0,68000,each,999,FALSE
Marshal test for stress urinary incontinency,Surgery,0,70000,each,999,FALSE
enucleation,Surgery,0,70500,each,999,FALSE
cateract extraction + ECCE + IOL iplant,Surgery,0,70500,each,999,FALSE
choleystostomy + choledochotomy,Surgery,0,71000,each,999,FALSE
repair of strangulated hernia with bowel resection,Surgery,0,74000,each,999,FALSE
caesarian section ( elective),Surgery,0,74400,each,999,FALSE
amniocentesis,Surgery,0,74500,each,999,FALSE
repair of vaginal laceration following trauma,Surgery,0,75000,each,999,FALSE
amputation cervix,Surgery,0,75000,each,999,FALSE
tubal surgery,Surgery,0,75000,each,999,FALSE
conjuctival tumour excision,Surgery,0,75000,each,999,FALSE
Hyphaema washout,Surgery,0,75000,each,999,FALSE
glaucoma surgery (trabeculectomy),Surgery,0,75000,each,999,FALSE
Seton's Operation,Surgery,0,75000,each,999,FALSE
debridement of dirty/ septic laceration+ secondary sut,Surgery,0,75000,each,999,FALSE
Debridement of dirty/ septic laceration,Surgery,0,75000,each,999,FALSE
toilet mastectomy,Surgery,0,75000,each,999,FALSE
radious or ulna (open reduction),Surgery,0,75000,each,999,FALSE
elongation of achilles tendon (ETA) per foot,Surgery,0,75000,each,999,FALSE
lower limb,Surgery,0,75000,each,999,FALSE
operation of reurrent dislocation of any joint,Surgery,0,75000,each,999,FALSE
rotator cuff,Surgery,0,115000,each,999,FALSE
above elbow amputation,Surgery,0,75000,each,999,FALSE
below knee amputation,Surgery,NULL,75000,each,999,FALSE
tonsillectomy + adenoidectomy,Surgery,0,75000,each,999,FALSE
pulmonary lobectomy,Surgery,0,75000,each,999,FALSE
splenorrhaphy,Surgery,0,75000,each,999,FALSE
vascular grafting,Surgery,0,75000,each,999,FALSE
repair of cleft lip (unilateral),Surgery,0,75000,each,999,FALSE
cleft palate (primary repair),Surgery,0,75000,each,999,FALSE
repair of oesophageal ruptue,Surgery,0,75000,each,999,FALSE
Total Gastrectomy,Surgery,0,75000,each,999,FALSE
drainage of pancreatic pseudocyst,Surgery,0,75000,each,999,FALSE
by-pass peration for in operable tumour,Surgery,0,75000,each,999,FALSE
resection of tumour of the tail of pancreas,Surgery,0,75000,each,999,FALSE
resection and anastomosis of gangreous bowel,Surgery,0,75000,each,999,FALSE
resection of small bowel tumour,Surgery,0,75000,each,999,FALSE
right hemiolectomy,Surgery,0,75000,each,999,FALSE
sigmoid vulvulus open decoration,Surgery,0,75000,each,999,FALSE
pull thoughoperation,Surgery,0,75000,each,999,FALSE
low anterior resection for rectal tumour,Surgery,0,75000,each,999,FALSE
partial nephrectomy,Surgery,0,75000,each,999,FALSE
ureterostomy,Surgery,0,75000,each,999,FALSE
open prostatectomy,Surgery,0,75000,each,999,FALSE
partial penectomy,Surgery,0,75000,each,999,FALSE
exploratory burr hole,Surgery,0,75000,each,999,FALSE
elevation of depressed fracture,Surgery,0,75000,each,999,FALSE
ecxcision of thyroglostal cyst,Surgery,0,80000,each,999,FALSE
Pyeloplasty,Surgery,0,80000,each,999,FALSE
caesarian section ( emergency),Surgery,0,84500,each,999,FALSE
Urinary stress incontinency procedures,Surgery,0,85000,each,999,FALSE
Quadriceps tendon,Surgery,0,85800,each,999,FALSE
Patella tendon,Surgery,0,85800,each,999,FALSE
Achilles tendons,Surgery,0,85800,each,999,FALSE
HUMERUS (SHAFT),Surgery,0,86000,each,999,FALSE
HUMERUS (SUPRACONDYLAR),Surgery,0,86000,each,999,FALSE
Galleazzi fracture,Surgery,0,86000,each,999,FALSE
Through knee amputation,Surgery,0,86000,each,999,FALSE
full thickness graft,Surgery,0,88000,each,999,FALSE
vaginal hysterectomy,Surgery,0,90000,each,999,FALSE
other operations for prolapse,Surgery,0,90000,each,999,FALSE
vaginal repair of VVF,Surgery,0,90000,each,999,FALSE
salpingo oophorectomy,Surgery,0,90000,each,999,FALSE
ectopic pregnancy-laparatomy,Surgery,0,90000,each,999,FALSE
Sub Total Hysterectomy,Surgery,0,90000,each,999,FALSE
myomectomy,Surgery,0,90000,each,999,FALSE
evisceration,Surgery,1500,0,each,999,FALSE
Triple Operation,Surgery,NULL,90000,each,999,FALSE
simple mastectomy +satelite node biopsy,Surgery,0,90000,each,999,FALSE
shoulder disarticulation,Surgery,0,90000,each,999,FALSE
above knee amputation,Surgery,NULL,90000,each,999,FALSE
laryngectomy,Surgery,0,90000,each,999,FALSE
splenectomy,Surgery,0,90000,each,999,FALSE
varicose vain stripping,Surgery,0,90000,each,999,FALSE
repair of cleft lip (bilateral),Surgery,0,90000,each,999,FALSE
exscision of emeloblastoma,Surgery,0,90000,each,999,FALSE
hiatus and diaphragmatic hernia repair,Surgery,0,90000,each,999,FALSE
right lobectomy,Surgery,0,90000,each,999,FALSE
cholecysto/ doch-jejunostomy,Surgery,0,90000,each,999,FALSE
excision of pancreatic adenoma,Surgery,0,90000,each,999,FALSE
repair of pancreatic rupture,Surgery,0,90000,each,999,FALSE
left hemocolectomy,Surgery,0,90000,each,999,FALSE
hartmans operation,Surgery,0,90000,each,999,FALSE
redundunt signoid colectomy,Surgery,0,90000,each,999,FALSE
total nephrectomy,Surgery,0,90000,each,999,FALSE
ureteic re-implantation,Surgery,0,90000,each,999,FALSE
cystectomy ( any type),Surgery,0,90000,each,999,FALSE
urethroplasty,Surgery,0,90000,each,999,FALSE
trans urethral resection,Surgery,0,90000,each,999,FALSE
debridement of open skull fracture,Surgery,0,90000,each,999,FALSE
repair of RVF,Surgery,0,95000,each,999,FALSE
Bladder substitution,Surgery,0,95000,each,999,FALSE
left lobectomy,Surgery,0,102000,each,999,FALSE
Ureteric diversion to sygmoides,Surgery,0,102000,each,999,FALSE
Bladder exstrophy repair,Surgery,0,102000,each,999,FALSE
Bladder augmentation,Surgery,0,102000,each,999,FALSE
Bricker procedure,Surgery,0,102000,each,999,FALSE
hysterectomy following ruptured uterus,Surgery,0,104000,each,999,FALSE
repair of Urethro vaginal fistula,Surgery,0,105000,each,999,FALSE
ovarian tumour,Surgery,0,105000,each,999,FALSE
nodulectomy,Surgery,0,105000,each,999,FALSE
postero-medical release (PMR) per foot,Surgery,0,105000,each,999,FALSE
for-quarter amputation,Surgery,0,105000,each,999,FALSE
hip disaticulation,Surgery,0,105000,each,999,FALSE
pleural decortications,Surgery,0,105000,each,999,FALSE
cleft palate (secondary),Surgery,0,105000,each,999,FALSE
uretero-sigmoidostomy,Surgery,0,105000,each,999,FALSE
Total Abdominal Hysterectomy,Surgery,0,110000,each,999,FALSE
isthmusectomy,Surgery,0,110000,each,999,FALSE
hemi-thyroidectomy/ lobectomy,Surgery,0,115000,each,999,FALSE
Shoulder,Surgery,0,115000,each,999,FALSE
Elbow,Surgery,0,115000,each,999,FALSE
Wrist,Surgery,0,115000,each,999,FALSE
Biceps,Surgery,0,115000,each,999,FALSE
Triceps,Surgery,0,115000,each,999,FALSE
Knee scope without procedure,Surgery,0,115000,each,999,FALSE
Tendon transfer,Surgery,0,115000,each,999,FALSE
Girdlestone procedure,Surgery,0,115000,each,999,FALSE
hind quarter amputation,Surgery,0,117000,each,999,FALSE
bronchoplasty,Surgery,0,118000,each,999,FALSE
pneumonectomy,Surgery,0,118000,each,999,FALSE
whipples operation,Surgery,0,118000,each,999,FALSE
Abdominal – perineal resection,Surgery,0,118000,each,999,FALSE
ventriculo peritoneal shunt,Surgery,0,118000,each,999,FALSE
vaginal hysterectomy+ repair for total prolapse,Surgery,0,120000,each,999,FALSE
repair of recurrent entercele or vault prolapse,Surgery,0,120000,each,999,FALSE
perineoplasty,Surgery,0,120000,each,999,FALSE
warthein operation,Surgery,0,120000,each,999,FALSE
explortorylaparatomy,Surgery,0,120000,each,999,FALSE
subtotal,Surgery,0,120000,each,999,TRUE
bilateral mastectomy (female),Surgery,0,120000,each,999,FALSE
rotation flap,Surgery,0,120000,each,999,FALSE
Shoulder fracture,Surgery,0,120000,each,999,FALSE
Monteggia fractures,Surgery,0,120000,each,999,FALSE
thyroidectomy total,Surgery,0,130000,each,999,FALSE
Radical mastectomy,Surgery,0,130000,each,999,FALSE
oesophagectomy,Surgery,0,135000,each,999,FALSE
Hip,Surgery,0,145000,each,999,FALSE
Meniscetomy,Surgery,0,145000,each,999,FALSE
Debridement,Surgery,0,145000,each,999,FALSE
craniectomy,Surgery,0,148000,each,999,FALSE
Vaginal Hysterectomy+salpingo oophorectomy,Surgery,0,150000,each,999,FALSE
PHACO + IOL,Surgery,NULL,150000,each,999,FALSE
exploration and removal of adenoma,Surgery,0,160000,each,999,FALSE
unilateral exploration,Surgery,0,160550,each,999,FALSE
bilateral exploration,Surgery,0,175000,each,999,FALSE
Lisfranc fracture,Surgery,0,175000,each,999,FALSE
Debridement and external fixators,Surgery,0,175000,each,999,FALSE
Lisfranc injury,Surgery,0,175000,each,999,FALSE
TAH and Bilateral salpingo oophrectomy,Surgery,0,180000,each,999,FALSE
Meniscal repair,Surgery,0,180000,each,999,FALSE
Pelvic fracture,Surgery,0,230000,each,999,FALSE
Hip fracture,Surgery,0,230000,each,999,FALSE
"Debridement, flap and external fixators",Surgery,0,230000,each,999,FALSE
Hemiarthroplasty,Surgery,0,290000,each,999,FALSE
cricothyroidotomy,Surgery,0,365000,each,999,FALSE
Total hip replacement,Surgery,0,1145000,each,999,FALSE
Total knee replacement,Surgery,0,1145000,each,999,FALSE
Ambulance (Inpatient),Surgery,600,NULL,each,999,FALSE
Ambulance (OPD),Surgery,1200,NULL,each,999,FALSE
Catheterisation,Surgery,2000,3500,each,999,FALSE
Dressing 2nd grade healing,Surgery,600,1500,each,999,FALSE
Ear Syringing,Surgery,2400,3500,each,999,FALSE
Eusol Dressing,Surgery,600,2500,each,999,FALSE
Hydrocele Aspiration,Surgery,2400,NULL,each,999,FALSE
Hydrogen Peroxide Dressing,Surgery,600,2500,each,999,FALSE
Iodine dressing,Surgery,600,2500,each,999,FALSE
knee aspiration,Surgery,2400,NULL,each,999,FALSE
Lumbar puncture,Surgery,1500,1500,each,999,FALSE
Other minor procedures,Surgery,2400,NULL,each,999,FALSE
Incision drainage (I + D),Surgery,2400,6000,each,999,FALSE
"P-POP.3"" (PER ROLL",Surgery,2400,5000,each,999,FALSE
"P-POP.4""(PER ROLL)",Surgery,2400,NULL,each,999,FALSE
"P-POP.6""(PER ROLL)",Surgery,2400,NULL,each,999,FALSE
Wound Surturing,Surgery,2400,3200,each,999,TRUE
Packing of nasal bleeding,Surgery,600,4800,each,999,FALSE
Removal of Polyp Nose,Surgery,600,4800,each,999,FALSE
Reposition Luxated Joint,Surgery,2400,3200,each,999,FALSE
Suprapubic Catheter,Surgery,13500,10400,each,999,FALSE
Suture removal,Surgery,600,800,each,999,FALSE
Vaseline/Para Gause Dressing (per pack),Surgery,1800,2400,each,999,FALSE
Wound dressing,Surgery,600,2500,each,999,FALSE
Wound Suturing,Surgery,2400,6000,each,999,FALSE
Diamox 250mg,Ophthalmology,200,400,Tablet,999,FALSE
Chloramphenicol ointment,Pharmacy,NULL,1000,tube,999,FALSE
Tetracyclin drops,Pharmacy,NULL,1000,Bottle,999,FALSE
Flurometholone,Pharmacy,NULL,1000,Bottle,999,FALSE
Prednisolone eye drops,Pharmacy,500,1000,Bottle,999,FALSE
Seton’s Operation,Surgery,1000,NULL,each,999,FALSE
Korean Pharmaceutical Co,Pharmacy,1500,1000,each,999,FALSE
Lid Split,Surgery,1000,NULL,each,999,FALSE
Blood Sugar,Ophthalmology,1000,1500,each,999,FALSE
Levofloxacin drops,Pharmacy,NULL,1500,Bottle,999,FALSE
Chloramphenicol drops,Pharmacy,NULL,1500,Bottle,999,FALSE
Artificial tears,Pharmacy,NULL,1500,Bottle,999,FALSE
Foreign Body Removal,Ophthalmology,1500,3000,each,999,FALSE
Evisceration,Ophthalmology,1500,NULL,each,999,FALSE
Visual Field,Ophthalmology,1000,2000,each,999,FALSE
Maxifloxacin drops,Pharmacy,NULL,2000,Bottle,999,FALSE
Ciprofloxacin drops,Pharmacy,NULL,2000,Bottle,999,FALSE
Oflloxacin drops,Pharmacy,NULL,2000,Bottle,999,FALSE
Cyclopentolate,Pharmacy,NULL,2000,each,999,FALSE
Atropine,Pharmacy,NULL,2000,Bottle,999,FALSE
Tropicamide,Pharmacy,0,2000,each,999,FALSE
Refraction,Ophthalmology,1000,2500,each,999,FALSE
Retrobulbar Injection,Ophthalmology,0,2500,each,999,FALSE
cosopt drops,Pharmacy,NULL,2500,Bottle,999,FALSE
Sodium Chromogycate,Pharmacy,NULL,2500,Bottle,999,FALSE
Lid repair,Ophthalmology,2500,NULL,each,999,FALSE
Enucreation,Ophthalmology,2500,NULL,each,999,FALSE
IOL Biometry,Ophthalmology,2000,3000,NULL,999,FALSE
Econazole drops,Pharmacy,NULL,5000,Bottle,999,FALSE
Acyclovir ointment,Pharmacy,NULL,5000,tube,999,FALSE
Sodium Chloride 5%,Pharmacy,NULL,5000,Bottle,999,FALSE
FOCAL LASER,Ophthalmology,5000,10000,each,999,FALSE
YAG CAPSULOTOMY,Ophthalmology,5000,18000,each,999,FALSE
EXCISION + BIOPSY,Ophthalmology,5000,NULL,each,999,FALSE
EVISCERATION WITH SPHERE,Ophthalmology,5000,NULL,each,999,FALSE
YAG IRIDOTOMY,Ophthalmology,10000,20000,each,999,FALSE
PRP,Ophthalmology,10000,30000,each,999,FALSE
ECCE + IOL,Ophthalmology,15000,NULL,each,999,FALSE
SICS + IOL,Ophthalmology,15000,NULL,each,999,FALSE
TRBECULECTOMY,Ophthalmology,18000,NULL,each,999,FALSE
YAG IRIDIOTOMY,Ophthalmology,0,20000,each,999,FALSE
LOCAL ANESTHESIA,Ophthalmology,20000,50000,each,999,FALSE
Strabismus Operation Under general anaesthesia,Ophthalmology,0,80000,each,999,FALSE
Strabismus Operation Under local anaesthesia,Ophthalmology,20000,50000,each,999,FALSE
Acetazolamide,Pharmacy,0,100,Tablet,999,FALSE
Call out at night for specialist,Consultation,0,8000,each,999,FALSE
General practitioner first visit,Consultation,0,6000,each,999,FALSE
General practitioner subs visit,Consultation,0,6000,each,999,FALSE
Specialist consultation first visit,Consultation,0,8000,each,999,FALSE
Specialist consultation subsequent visit,Consultation,0,8000,each,999,FALSE
Urology consultation first visit,Consultation,NULL,8000,each,999,FALSE
Urology consultation internal ref,Consultation,NULL,5000,each,999,FALSE
Urology consultation review,Consultation,NULL,3000,each,999,FALSE
Gynae consultation first visit,Consultation,NULL,8000,each,999,FALSE
Gynae consultation review,Consultation,NULL,5000,each,999,FALSE
Diabetes/Surg consultation first visit,Consultation,NULL,6000,each,999,FALSE
Diabetes/Surg consultation internal ref,Consultation,NULL,5000,each,999,FALSE
Diabetes/Surg consultation review,Consultation,NULL,3000,each,999,FALSE
Normal Delivery (SVD),Maternity,15000,33800,each,999,FALSE
Management of PPH,Maternity,8000,0,each,999,FALSE
Tear/Episiotopy,Maternity,2500,0,each,999,FALSE
Eclampsia,Maternity,50000,0,each,999,FALSE
Severe Anaemia,Maternity,8000,0,each,999,FALSE
Postpartum Sepsis,Maternity,15500,0,each,999,FALSE
New born complications,Maternity,12500,0,each,999,FALSE
Laparatomy/Raptured Ectopic Pregnancy,Maternity,35000,0,each,999,FALSE
Hysterectomy,Maternity,42000,0,each,999,FALSE
3rd Degree tear,Maternity,8000,0,each,999,FALSE
Severe Pneumonia,Maternity,8000,0,each,999,FALSE
Severe Malaria in Pregnancy,Maternity,11000,0,each,999,FALSE
Preterm labour,Maternity,15500,0,each,999,FALSE
Meningitis in Pregnancy,Maternity,25000,0,each,999,FALSE
Management of APH,Maternity,12000,0,each,999,FALSE
Hydrocerectomy,Maternity,15500,0,each,999,FALSE
OFF JADELLE,Maternity,500,0,each,999,FALSE
external cephalic version,Maternity,7800,10150,each,999,FALSE
Amniocentesis,Maternity,57200,74500,each,999,FALSE
Shirodkar suture ( cervix),Maternity,27300,35500,each,999,FALSE
Removal of shirodkar suture,Maternity,14300,18600,each,999,FALSE
Induction with Cytotec/ pitocin,Maternity,5200,7000,each,999,FALSE
Assisted breech,Maternity,20800,27040,each,999,FALSE
Breech extraction,Maternity,23400,30420,each,999,FALSE
Distraction delivery,Maternity,26000,34000,each,999,FALSE
Vacuum extraction,Maternity,35000,45500,each,999,FALSE
Endoscopy Diagnostic,Other Procedures,6500,0,each,999,FALSE
Endoscopy CLO test,Other Procedures,4000,0,each,999,FALSE
Endoscopy Biopsy,Other Procedures,4500,0,each,999,FALSE
Mortuary Storage,Mortuary,2000,13000,each,999,FALSE
Mortuary Embalming,Mortuary,20000,20000,each,999,FALSE
Death Reports,Documentation,0,4500,each,999,FALSE
Mortuary Storage Expatriate,Mortuary,0,30000,each,999,FALSE
Mortuary Embalming Expatriate,Mortuary,0,30000,each,999,FALSE
Hemodialysis,Other Procedures,40000,0,each,999,FALSE
Ethropoetin,Other Procedures,5000,0,each,999,FALSE
Iron Hydroxide,Other Procedures,3000,0,each,999,FALSE
Registration,Admission,500,3000,each,999,FALSE
Accommodation Adult,Admission,1300,12000,Day,999,FALSE
Specialist visit/ day (Ward review),Consultation,600,6000,each,999,FALSE
General practioner visit/ day (Ward review),Consultation,300,4000,each,999,FALSE
INTENSIVE CARE UNIT,Admission,NULL,20000,Day,999,FALSE
Each additional canal,Dental,3000,5000,each,999,FALSE
First Canal,Dental,2000,8000,each,5,FALSE
Incision and drainage,Dental,2000,3500,each,7,FALSE
Jaw Fracture wiring (IMF),Dental,5000,8000,each,999,FALSE
Minor oral Surgery,Dental,2500,4000,each,9,FALSE
One/ two surface filling,Dental,4500,5500,each,6,FALSE
Scaling and Polishing,Dental,5000,10000,each,4,FALSE
Simple extraction :Children,Dental,1000,3000,each,2,FALSE
Simple extraction: Adult,Dental,1300,4000,each,1,FALSE
Surgical Extraction,Dental,5000,5000,each,10,FALSE
Temporary Filling,Dental,2500,3000,each,3,FALSE
Three or more Surface filling,Dental,4500,5500,each,999,FALSE
TMJ Reduction,Dental,2500,5000,each,8,FALSE
Consultation ART (Catchment),Consultation,200,0,each,7,FALSE
Consultation ART (Other),Consultation,500,0,each,8,FALSE
Consultation VIA (Catchment),Consultation,200,0,each,999,FALSE
Consultation VIA (Other),Consultation,500,0,each,999,FALSE
Consultation ANC (Catchment),Consultation,200,NULL,each,3,FALSE
Consultation ANC First (Other),Consultation,2500,13650,each,5,FALSE
Consultation ANC Subs (Other),Consultation,1500,10140,each,6,FALSE
Consultation Adult,Consultation,500,6000,each,1,FALSE
Consultation Child,Consultation,300,6000,each,2,FALSE
Consultation (EYE) Adult,Consultation,1000,6000,each,4,FALSE
Consultation (EYE) Child,Consultation,500,4000,each,999,FALSE
Consultation Child (Night),Consultation,500,0,each,10,FALSE
Consultation Adult (Night),Consultation,700,0,each,9,FALSE
Braided non absorbable sterile Silk 2/0 cc 40mm,Pharmacy,0,13000,each,999,FALSE
paraffin gauze 9.5cm x 9.5cm (square),Pharmacy,0,1500,each,999,FALSE
Plaster of paris (POP) 7.5*270 cm,Pharmacy,0,2000,each,999,FALSE
"Atropine sulphate 1mg/ml, 1ml",Pharmacy,120,200,vial,999,FALSE
"Bandage,plaster of paris 10.0*270cm",Pharmacy,2000,2000,each,999,FALSE
Catgut chromic 2/0 needle round bodied 1/2c 35mm,Pharmacy,0,13000,each,999,FALSE
Catgut chromic 1 needle round bodied ½c 50mm,Pharmacy,0,13000,each,999,FALSE
Catheter foley's 3-way FG 20,Pharmacy,0,350,each,999,FALSE
Catheter Foley's retention 3-5cc FG 8,Pharmacy,0,350,each,999,FALSE
cefuroxime 250mg tabs,Pharmacy,200,210,Tablet,999,FALSE
Chlorpheniramine maleate 4mg,Pharmacy,15,20,Tablet,999,FALSE
Chlorpromazine 100mg,Pharmacy,15,80,Tablet,999,FALSE
"Chlorpromazine hcl 25mg/ml, 2ml",Pharmacy,250,500,vial,999,FALSE
Cotrimoxazole suspension 240mg/5ml,Pharmacy,500,650,Bottle,999,FALSE
Dihydroartemisinin/ Piperamine 40/320mg(Dartepp),Pharmacy,0,350,Dose,999,FALSE
Doxycycline 100mg,Pharmacy,20,320,Tablet,999,FALSE
Flucloxacillin 250mg,Pharmacy,25,25,Tablet,999,FALSE
"Gentian violet paint, aqueous 1%",Pharmacy,900,950,Bottle,999,FALSE
Hydralazine hydrocloride 20mg powder inj,Pharmacy,750,1000,vial,999,FALSE
HCT - Hydrochlorothiazide 25mg,Pharmacy,15,10,Tablet,999,FALSE
Indomethacin 25mg,Pharmacy,15,20,Tablet,999,FALSE
Naproxen 500mg,Pharmacy,60,100,Tablet,999,FALSE
Oral rehydration sachet for 1L solution,Pharmacy,150,200,Pack,999,FALSE
PCM – Paracetamol syrup 120mg/5ml,Pharmacy,400,500,Bottle,999,FALSE
Vicryl 3/0 V 393-H absorbable,Pharmacy,0,13000,Each,999,FALSE
Bilirubin T+D,Laboratory,2000,2000,Each,999,FALSE
blood urea nitrogen,Laboratory,2500,2000,Each,7,FALSE
Sugar test – (glucose),Laboratory,2000,2500,Each,4,FALSE
PT – pregnancy test,Laboratory,1000,2000,Each,6,FALSE
Abdomen Xray (Erect + Spine),Radiology,3000,9000,Each,2,FALSE
Abdominal Ultrasound,Radiology,2500,7500,Each,3,FALSE
Cervical Spine (AP + LAT View),Radiology,3000,9000,Each,9,FALSE
Elbow (AP + LAT View),Radiology,3000,9000,Each,999,FALSE
Facial Bones,Radiology,3000,9000,Each,999,FALSE
Knee (AP + LAT Views),Radiology,3000,9000,Each,999,FALSE
Mandible Xray (AP + Oblique Views),Radiology,3000,9000,Each,999,FALSE
Pelvic Ultrasound,Radiology,2500,7500,Each,4,FALSE
Pelvis Xray,Radiology,3000,9000,Each,999,FALSE
Skull (Townes Views),Radiology,3000,9000,Each,999,FALSE
Upper Arm Xray (AP + LAT Views),Radiology,3000,9000,Each,999,FALSE
URETHROGRAM (HCG),Radiology,37500,37500,Each,10,FALSE
MVA,Other Procedures,13000,NULL,Each,999,FALSE
surgical toilet and suturing of < cm superficial,Other Procedures,0,15500,Each,999,FALSE
excision of parotid gland adenoma,Surgery,0,50000,Each,999,FALSE
removal of bladder stone/ foreign body cystolitotomy,Surgery,0,55000,Each,999,FALSE
BKA - below knee amputation,Surgery,0,75000,Each,999,FALSE
TRIPLE OPERATION,Surgery,0,90000,Each,999,FALSE
AKA – above knee amputation,Surgery,0,90000,Each,999,FALSE
VITREORETINAL,Surgery,0,100000,Each,999,FALSE
PHACO + IOL,Surgery,0,150000,Each,999,FALSE
Ambulance,Surgery,10000,10000,Each,999,FALSE
Chloramphenicol ointment,Pharmacy,0,1000,tube,999,FALSE
Tetracyclin drops,Pharmacy,0,1000,Bottle,999,FALSE
Flurometholone,Pharmacy,0,1000,Bottle,999,FALSE
SETON'S OPERATIN,Surgery,1000,0,Each,999,FALSE
KOREAN PHARMACETICAL CO,Pharmacy,0,250,Each,999,FALSE
LID SPLIT,Surgery,1000,0,Each,999,FALSE
Levofloxacin drops,Pharmacy,0,1500,Bottle,999,FALSE
Chloramphenicol drops,Pharmacy,0,1500,Bottle,999,FALSE
Gentamycin drops,Pharmacy,500,1500,Bottle,999,FALSE
TRIPLE OPERATION,Surgery,1500,0,Each,999,FALSE
Tropicamide+Phenylephrine,Pharmacy,0,2000,Bottle,999,FALSE
Cyclopentolate,Pharmacy,0,2000,Bottle,999,FALSE
Atropine,Pharmacy,0,2000,vial,999,FALSE
Latanoprost drops,Pharmacy,0,2500,Bottle,999,FALSE
Brimonide drops,Pharmacy,0,2500,Bottle,999,FALSE
cosopt drops,Pharmacy,0,2500,Bottle,999,FALSE
Xalatin drops,Pharmacy,0,2500,Bottle,999,FALSE
Sodium Chromogycate,Pharmacy,0,2500,Each,999,FALSE
"I and D, I and C.",Ophthalmology,2500,0,Each,999,FALSE
LID REPAIR,Ophthalmology,2500,0,Each,999,FALSE
ENUCREATION,Ophthalmology,2500,0,Each,999,FALSE
Timolol drops,Pharmacy,0,3000,Bottle,999,FALSE
Dorzolamide drops,Pharmacy,0,3500,Bottle,999,FALSE
Triamcinolone,Pharmacy,4000,0,Vial,999,FALSE
Natamycin drops,Pharmacy,0,5000,Bottle,999,FALSE
EXCISION + BIOPSY,Ophthalmology,5000,0,Each,999,FALSE
EVISCERATION WITH SPHERE,Ophthalmology,5000,0,Each,999,FALSE
YAG IRIDOTOMY,Ophthalmology,10000,0,Each,999,FALSE
ECCE + IOL,Ophthalmology,15000,0,Each,999,FALSE
SICS + IOL,Ophthalmology,15000,0,Each,999,FALSE
TRBECULECTOMY,Ophthalmology,18000,0,Each,999,FALSE
LOCAL ANESTHESIA,Ophthalmology,20000,0,Each,999,FALSE
Reading Glasses,Ophthalmology,10000,25000,Each,999,FALSE
general practitioner first visit,Consultation,0,6000,Each,999,FALSE
general practitioner subsequent visit,Consultation,0,6000,Each,999,FALSE
Postnatal checkup (Cesarean Section),Maternity,1500,13650,Each,999,FALSE
Caesarean Section,Maternity,25000,74360,Each,999,FALSE
Caesarean Section (Emergency) ,Maternity,0,84500,Each,999,FALSE
Postnatal checkup (Normal),Maternity,750,13650,Each,999,FALSE
Retrobulbar Injection,Ophthalmology,0,2500,Each,999,FALSE
Accommodation (Paediatric),Admission,500,12000,Day,999,FALSE
