name,category,General_Price,Private_Price
Braided non absorbable sterile Silk 2/0 cc 40mm,Pharmacy,0,13000
paraffin gauze 9.5cm x 9.5cm (square),Pharmacy,0,1500
Plaster of paris (POP) 7.5*270 cm,Pharmacy,0,2000
Acyclovir 200mg dispersible,Pharmacy,40,90
Acyclovir Cream 5%,Pharmacy,800,1500
"Adrenaline 1/1000, 1ml",Pharmacy,200,200
Albendazole 200mg,Pharmacy,25,25
Allopurinol 100mg,Pharmacy,50,60
Aminophylline 100mg,Pharmacy,15,20
"Aminophylline 25mg/ml, 10ml",Pharmacy,250,300
Amitriptyline 25mg,Pharmacy,15,20
Amlodipine 10mg,Pharmacy,30,25
Amlodipine 5mg,Pharmacy,30,25
Amoxycillin 125mg/ml suspension,Pharmacy,500,600
Amoxycillin 250mg,Pharmacy,25,30
Amoxyclavulin Acid 500mg (augmentin),Pharmacy,300,350
Ampicillin injection 1gm PFR,Pharmacy,600,750
Anusol supositories,Pharmacy,250,300
Ant-acid syrup,Pharmacy,1200,1200
ARV – Anti-Rabies vaccine,Pharmacy,5500,7300
"Apron, disposable, polythene",Pharmacy,0,75
Artefan,Pharmacy,3000,3200
Aspirin 300mg,Pharmacy,15,20
Atenolol 50mg,Pharmacy,NULL,35
Atenolol 50mg,Pharmacy,40,NULL
Atorvastatin 10mg,Pharmacy,30,100
Atorvastatin 20mg,Pharmacy,30,30
"Atropine sulphate 1mg/ml, 1ml",Pharmacy,120,200
Amoxclav – Augmentin syrup,Pharmacy,3000,5200
Autoclave tape 5cm (Brown),Pharmacy,0,5000
Azithromycin 500mg,Pharmacy,2500,2500
"Bags urine drainage 2,000ml",Pharmacy,500,500
Bandage plaster of paris 20.0*270cm,Pharmacy,3200,3200
"Bandage, WOW 10cm x 4m",Pharmacy,300,300
"Bandage,plaster of paris 10.0*270cm",Pharmacy,2000,2000
"Bandage,plaster of paris 15.0*270cm",Pharmacy,0,3200
Benzathine benzylpenicillin 1.44g (2.44MU),Pharmacy,420,500
benzoic acid(6%) and salicylic acid(3%) ointment,Pharmacy,750,1000
Benzyl benzoate application 25%,Pharmacy,800,550
"Xpen – Benzylpenicillin 3g (5MU), PFR (X-PEN).",Pharmacy,NULL,500
Betamethasone skin oint 0.1%,Pharmacy,750,800
BG- Glutamin,Pharmacy,2500,NULL
Bisacodyl 5mg,Pharmacy,15,30
"Bupivacaine spinal heavy 0.5%, 4ml ampoule",Pharmacy,1200,1050
Calamine lotion,Pharmacy,900,800
Calcium Gluconate injection,Pharmacy,250,450
Cannula iv (Venflon) 14,Pharmacy,0,180
Cannula iv (Venflon) 16,Pharmacy,0,200
Cannula iv (Venflon) 18,Pharmacy,0,200
Cannula iv (Venflon) 20,Pharmacy,0,200
Cannula iv (Venflon) 22,Pharmacy,0,200
Cannula iv (Venflon) 24,Pharmacy,0,200
Captopril 25mg,Pharmacy,15,30
Carbamazepine 200mg,Pharmacy,15,20
Catgut chromic 2/0 needle round bodied 1/2c 35mm,Pharmacy,0,13000
Catgut chromic 1 needle round bodied ½c 50mm,Pharmacy,0,13000
Catgut chromic 2 needle round bodied 1/2c 50mm,Pharmacy,0,13000
Catgut chromic 3/0 needle round bodied 1/2c25mm,Pharmacy,0,13000
Catgut chromic 4/0 needle round bodied 1/2c20mm,Pharmacy,0,13000
Catgut chromic 5/0 needle round bodied 1/2c 20mm,Pharmacy,0,13000
Catheter foley's 3-way FG 20,Pharmacy,0,350
Catheter Foley's 3-way FG 22,Pharmacy,0,350
Catheter Foley's FG 16,Pharmacy,0,350
Catheter Foley's FG 18,Pharmacy,0,350
Catheter Foley's FG 20,Pharmacy,0,350
Catheter Foley's retention 3-5cc FG 8,Pharmacy,0,350
Catheter Foley's retention 30cc FG 10,Pharmacy,0,350
Catheter Foley's retention 30cc FG14,Pharmacy,0,350
Catheter Foley`s retention 30cc FG 12,Pharmacy,0,350
Cefixime 200mg,Pharmacy,NULL,250
Ceftriaxone 1gm,Pharmacy,600,1500
cefuroxime 250mg tabs,Pharmacy,200,NULL
Cefuroxime syrup,Pharmacy,2000,2000
cefuroxime tabs,Pharmacy,NULL,250
Cetrimide15%+chlorhexidine 1.5%(Savlon),Pharmacy,7800,14000
Cetrizine hydrochloride 10mg,Pharmacy,210,45
Chloramphenicol 250mg,Pharmacy,25,30
"Chloramphenicol succinate 1g, PFR",Pharmacy,420,500
Chloramphenicol syrup,Pharmacy,850,1000
Chloramphnicol eye drops,Pharmacy,500,450
Chlorpheniramine maleate 4mg,Pharmacy,15,20
Chlorpromazine 100mg,Pharmacy,15,80
"Chlorpromazine hcl 25mg/ml, 2ml",Pharmacy,250,500
Cimetidine 400mg,Pharmacy,15,20
Ciprofloxacin 250mg,Pharmacy,40,60
Clarithromycin 125mg/5ml,Pharmacy,1800,2500
"Clips, umbilical cord, polythene",Pharmacy,0,30
Clotrimazole cream,Pharmacy,900,750
Clotrimazole pessaries,Pharmacy,NULL,850
Clotrimazole pessaries,Pharmacy,1000,NULL
Cloxacillin 125mg/5ml,Pharmacy,750,750
Cloxacillin 250mg,Pharmacy,25,25
Cloxacillin 500mg powder for injection,Pharmacy,1450,1900
Codeine phosphate 15mg,Pharmacy,30,32
Coldril syrup,Pharmacy,1000,1000
Cotrimoxazole 480mg,Pharmacy,15,15
Cotrimoxazole suspention 240mg/5ml,Pharmacy,500,650
"Cotton wool, 500g",Pharmacy,0,2500
Cough depressant,Pharmacy,1200,1200
Cough suppressant,Pharmacy,1200,1200
Crepe bandages,Pharmacy,0,500
Depomedrol 40mg/ml,Pharmacy,NULL,0
Dexamethasone 0.5mg,Pharmacy,15,10
"Dexamethasone 4mg/ml, 2ml",Pharmacy,250,500
"Dexamethasone 5mg/ml, 1ml",Pharmacy,250,450
Dexamethasone eye drops,Pharmacy,500,450
"Dextrose (glucose) 5%, 1000ml",Pharmacy,1500,1900
"Dextrose 50%, 20ml",Pharmacy,420,500
Diamox 250mg,Pharmacy,120,105
Diazepam 5mg,Pharmacy,30,30
"Diazepam 5mg/ml, 2ml",Pharmacy,120,450
Diclofenac 100mg,Pharmacy,20,20
Diclofenac 50mg,Pharmacy,15,15
Diclofenac gel 15gm,Pharmacy,1500,1500
Diclofenac inj 75mg/3ml,Pharmacy,120,300
Diclofenac spray,Pharmacy,NULL,6300
Diclofenac suppository,Pharmacy,300,250
Digoxin 0.25mg,Pharmacy,50,40
Dihydroartemisinin/ Piperamine 40/320mg(Daterp),Pharmacy,NULL,350
Disposable gloves large,Pharmacy,0,150
Disposable gloves medium,Pharmacy,0,150
Domperidone,Pharmacy,25,15
Dopamin 200mg/5ml,Pharmacy,120,200
Doxycycline 100mg,Pharmacy,20,20.7999992371
Dyna-Hex (Chlorhexidine) 4%,Pharmacy,7800,13000
Dynapar spray/diclofenac spray,Pharmacy,NULL,6300
Enalapril 10mg,Pharmacy,30,35
Enalapril 5mg,Pharmacy,25,20
Endotracheal tubes 6.5mm,Pharmacy,0,75
Endotracheal tubes 6mm,Pharmacy,0,75
Endotracheal tubes 7.5mm,Pharmacy,0,75
Endotracheal tubes 7mm,Pharmacy,0,75
Endotracheal tubes 8mm,Pharmacy,0,75
"Ephedrine Hcl 30mg/ml, 1ml",Pharmacy,1200,1200
Ergometrine 500mcg/ml +Oxytocin 10IU,Pharmacy,2000,2500
Ergometrine maleate 500mcg/ml,Pharmacy,2000,2500
Erythromycin 250mg,Pharmacy,45,55
Erythromycin suspension 125mg/5ml,Pharmacy,750,750
Eusol solution,Pharmacy,15600,19500
Ferous sulphate syrup (Iron syrup),Pharmacy,1000,1200
Ferrous sulphate 200mg,Pharmacy,15,10
Flucloxacillin 250mg,Pharmacy,25,25
Fluconazole 200mg,Pharmacy,200,70
"Fluconazole 2mg/ml,100ml",Pharmacy,1100,1400
Folic Acid 5mg,Pharmacy,15,10
"Frusemide 10mg/ml, 2ml",Pharmacy,NULL,150
Frusemide 40mg,Pharmacy,15,10
Gauze roll,Pharmacy,0,7000
Gauze square,Pharmacy,0,2000
"Gentamicin 40mg/ml, 2ml",Pharmacy,120,NULL
"Gentamicin 80mg/ml, 2ml",Pharmacy,NULL,250
Gentamycin eye/ear drop,Pharmacy,500,450
"Gentian violet paint, aqueous 1%",Pharmacy,900,950
Giving set iv administration,Pharmacy,0,200
Glibenclamide 5mg,Pharmacy,15,20
Glove surgeon`s size 7 sterile,Pharmacy,0,200
Glove surgeon`s size 7.5 sterile,Pharmacy,0,200
glucose test strip,Pharmacy,0,520
Gluteraldehyde soln 2% (Cidex) 5litres,Pharmacy,18000,21000
Glycerine suppository,Pharmacy,NULL,200
Griseofulvin 500mg,Pharmacy,40,100
Haloperidol 5mg,Pharmacy,NULL,40
"Haloperidol 5mg/ml, 1ml",Pharmacy,360,450
Halothane 250ml,Pharmacy,30000,35000
Health Passport Book,Documentation,150,200
Heamacell 500ml,Pharmacy,2000,8000
Hilderm-CH,Pharmacy,NULL,1200
Hydralazine hydrocloride 20mg powder inj,Pharmacy,750,1000
Hydralazine hydrocloride 25mg,Pharmacy,40,45
HCT - Hydrochlorothiazide 25mg,Pharmacy,15,10
Hydrocortisone ointment 1%,Pharmacy,750,750
Hydrocortisone sod succinate iv 100mg/2ml,Pharmacy,NULL,750
"Hydrogen peroxide, 20 vol.",Pharmacy,700,1100
Buscopan - Hyoscine Butylbromide 10mg,Pharmacy,NULL,50
Buscopan – Hyoscine Butylbromide 10mg,Pharmacy,25,NULL
Ibuprofen 200mg,Pharmacy,15,20
Ichthammol (ichthyol) 10% ointment,Pharmacy,0,700
Indomethacin 25mg,Pharmacy,15,20
"Insulin Lente 100 IU/ml, 10ml",Pharmacy,2000,15600
"Insulin soluble 100 IU/ml, 10ml",Pharmacy,2000,15600
Iodine solution (Betadine) 10%,Pharmacy,1200,3250
Isosorbide dinitrate 10mg,Pharmacy,25,20
"Ketamine hydrochloride 50mg/ml, 10ml",Pharmacy,1000,1500
Ketoconazole 200mg,Pharmacy,15,20
Levofloxacin 250mg,Pharmacy,150,125
"Lidocaine 1%,25ML",Pharmacy,500,550
LIdocaine 2% 30ML,Pharmacy,NULL,600
"Lidocaine 2%+epinephrine Dental, 1.8ml",Pharmacy,800,1050
"Lidocaine 5%+dextrose7.5%heavy spinal,2ml",Pharmacy,800,900
Lidocaine spray,Pharmacy,4800,NULL
Liquid Paraffin,Pharmacy,1800,1800
Lisinopril 10mg,Pharmacy,150,125
Loperamide 2mg,Pharmacy,25,20
LA – Lumefantrine and Artemether 12's,Pharmacy,1800,2000
LA – Lumefantrine and Artemether 18's,Pharmacy,2200,2000
LA – Lumefantrine and Artemether 24's,Pharmacy,2500,2000
LA – Lumefantrine and Artemether 6's,Pharmacy,1800,2000
Naproxen 500mg ,Pharmacy,60,NULL
"Magnesium sulphate 50%, 20ml",Pharmacy,150,900
Magnesium trisilicate compound,Pharmacy,15,15
Mask face disposable paper 2-ply,Pharmacy,0,850
Mefenamic acid 250mg,Pharmacy,25,30
Metformin 500mg,Pharmacy,15,50
Metformin 850mg,Pharmacy,15,50
Methylated Spirit 1000ml,Pharmacy,15600,16650
Methyldopa 250mg,Pharmacy,20,80
Metoclopramide 10mg,Pharmacy,15,30
Metoclopramide 10mg/2ml inj,Pharmacy,150,300
Flagyl – Metronidazole 200mg,Pharmacy,20,20
"Flagyl – Metronidazole iv 5mg/ml, 100ml",Pharmacy,400,750
Flagyl – Metronidazole oral suspension 200mg/5ml,Pharmacy,700,600
Miconazole cream,Pharmacy,750,650
Microgynon Fe,Pharmacy,900,900
Misoprostol,Pharmacy,250,210
"Naloxone 0.4mg/ml, 1ml",Pharmacy,450,650
Neostigmine 2.5mg/ml,Pharmacy,900,1600
Nifedipine 10mg,Pharmacy,20,25
Nifedipine 20mg,Pharmacy,25,30
Nitrofurantoin 100mg,Pharmacy,15,60
Nitroglycerine 0.5mg (glyceryl trinitrate),Pharmacy,40,45
Norethesterone 5mg,Pharmacy,300,350
Nylon monofilament -2/0,Pharmacy,0,13000
Nylon monofilament 1,Pharmacy,0,13000
Nylon monofilament 2,Pharmacy,0,13000
"Nystatin oral suspension 100,000 IU/dose",Pharmacy,450,800
"Nystatin pessaries 100,000 IU",Pharmacy,850,600
Omeprazole 20mg,Pharmacy,60,60
Oral rehydration sachet for 1L solution,Pharmacy,150,200
"Oxytocin 10 IU/ml, 1ml",Pharmacy,150,100
PCM – Paracetamol syrup 120mg/5ml,Pharmacy,400,500
PCM – Paracetamol 500mg,Pharmacy,15,20
PCM – Paracetamol suppository child,Pharmacy,150,200
Paradehyde inj,Pharmacy,10000,15600
Penicillin V 250mg,Pharmacy,20,30
Pethidine hydrochloride 100mg,Pharmacy,2000,2000
Phenobarbitone 30mg,Pharmacy,15,10
Phenobarbitone inj,Pharmacy,600,1000
Phenytoin 25mg,Pharmacy,20,20.7999992371
Pill bags,Pharmacy,0,11
"Plaster, zinc oxide 7.5cm",Pharmacy,0,850
Podophyllin paint 10ml,Pharmacy,1800,3300
Potassium Chloride(slow K) 600mg,Pharmacy,50,65
Praziquantel 600mg,Pharmacy,120,150
Prednisolone 5mg,Pharmacy,15,30
Proguanil 100mg,Pharmacy,20,20
Promethazine hydrochloride 25mg,Pharmacy,25,20
"Promethazine hydrochloride 25mg/ml, 2ml",Pharmacy,150,450
Propofol inj,Pharmacy,1600,9750
Propranolol 40mg,Pharmacy,15,20
Pyridoxine (Vitamin B6) 20mg,Pharmacy,15,10
Quardem cream,Pharmacy,900,750
"Quinine dihydrochloride 300mg/ml, 2ml",Pharmacy,300,350
Quinine hydrochloride 300mg,Pharmacy,60,70
Ranitidine 150mg,Pharmacy,15,20
Salbutamol 4mg,Pharmacy,20,20
Salbutamol nebuliser,Pharmacy,1000,1000
"Salbutamol sulphate inhalation, 100mcg/d",Pharmacy,2500,NULL
Salbutamol syrup,Pharmacy,700,800
"Salbutamol/ventolin sulphate inhalation, 100mcg/d",Pharmacy,NULL,2500
Scalpel blade size 11,Pharmacy,0,45
Scalpel blade size 15,Pharmacy,0,45
Scalpel blade size 20,Pharmacy,0,45
Scalpel blade size 21,Pharmacy,0,45
Scalpel blade size 6,Pharmacy,0,45
Scapel blade size 22,Pharmacy,0,45
Scapel blade size 24,Pharmacy,0,45
Scapel blade sze 23,Pharmacy,0,45
Silver nitrate pencil,Pharmacy,5000,6300
Silver sulphadiazine cream 1%,Pharmacy,750,750
"Sodium chloride 0.9%, 1000ml",Pharmacy,1500,1900
Sodium lactate cpd (Ringer`s lactate)1000ml,Pharmacy,1500,1900
SP (Sulphadox 500mg/ pyrimetha 25mg),Pharmacy,10,20
Spinal needles G20,Pharmacy,0,350
Spinal needles G22,Pharmacy,0,350
Spironolactone 25mg,Pharmacy,40,60
Suxamethonium 100mg/2ml,Pharmacy,450,550
Suxamethonium 100mg/2ml,Pharmacy,15,NULL
Syringe insulin 100 IU with needle,Pharmacy,0,200
"Syringe, 10ml",Pharmacy,0,120
"Syringe, 20ml, disposable",Pharmacy,0,250
"Syringe,5ml, disposable",Pharmacy,0,75
"Syringes 2ml,disposable",Pharmacy,0,75
Telmisartan 40mg and amlodipine 5mg,Pharmacy,40,100
Tetracycline eye ointment 1% (TEO),Pharmacy,350,350
"Thiopentone sodium 500mg, PFR",Pharmacy,1000,2000
Tramadol+paracetamol tabs,Pharmacy,40,100
Transfusion set blood administration,Pharmacy,0,200
Triamcinolone 40mg inj,Pharmacy,3500,3500
Tripple Action cream,Pharmacy,NULL,1200
Tube feeding CH 16,Pharmacy,0,250
"Tube, feeding CH 12",Pharmacy,0,250
"Tube, feeding CH 14",Pharmacy,0,250
"Tube, feeding CH 6",Pharmacy,0,250
"Tube, feeding CH 8",Pharmacy,0,250
Vagid cl,Pharmacy,NULL,2250
Vecuronium bromide,Pharmacy,16000,20385
Vicry2,Pharmacy,0,13000
Vicryl 2-0 absorbable,Pharmacy,0,13000
Vicryl 3/0 V 393-H absorbable,Pharmacy,0,13000
"Vicryl coated 1 on rev cut needle,",Pharmacy,0,13000
Vitamin B complex strong,Pharmacy,20,25
Vitamin K inj 10mg/ml,Pharmacy,250,250
"Vitamin, multiple",Pharmacy,20,25
Warfarin 5mg,Pharmacy,30,60
"Water for injections, 10ml",Pharmacy,70,65
Whitfield ointment compound,Pharmacy,750,1000
Zinc tablets 20mg,Pharmacy,30,40
24 hr VMA assay,Laboratory,1000,4000
ABO Anti-D,Laboratory,1000,NULL
"ABO,Anti A & B",Laboratory,1000,NULL
acid alcohol fast bacilli,Laboratory,1000,3000
acid phosphates,Laboratory,1000,2000
AFI,Laboratory,1000,4500
albumin,Laboratory,1500,2000
alcohol blood vessels,Laboratory,1000,3600
alkaline phosphate,Laboratory,1000,2000
alpha feto-protein (AFP),Laboratory,1000,7200
ALT/SGOT/100,Laboratory,2500,NULL
amylase,Laboratory,1000,1500
ANF,Laboratory,1000,9000
antistreptolysin – O,Laboratory,1000,1500
AST/SGOT/100,Laboratory,1000,NULL
bense jones proteins,Laboratory,1000,2000
Bilirubin T&D,Laboratory,2000,NULL
biriribin (total and direct),Laboratory,2000,1500
birirubinuaria,Laboratory,2000,NULL
bleeding time,Laboratory,1000,2000
blood cross-mach,Laboratory,2000,5500
blood culture and sensitivity,Laboratory,1500,5500
blood group and rhesus status,Laboratory,1000,2000
blood urea nitrogen,Laboratory,2500,2000
brucella,Laboratory,1000,2000
C- reactive protein,Laboratory,1000,1500
Calcium,Laboratory,1500,2000
carbon dioxide,Laboratory,1000,2000
CD4 count,Laboratory,1000,1800
Celebrospinal fluid,Laboratory,NULL,6000
chloride,Laboratory,1000,2000
cholesterol,Laboratory,2000,2000
CK-MB,Laboratory,4500,4000
coombs-direct and indirect,Laboratory,1000,2000
Crag,Laboratory,NULL,4000
creatinine,Laboratory,3500,2000
CRP,Laboratory,3000,6000
culture,Laboratory,1000,3000
CVM,Laboratory,1000,10800
DBIL-,Laboratory,NULL,2500
differential only,Laboratory,1000,2000
Urine Dipstick,Laboratory,500,2000
eosinophil count,Laboratory,800,2000
epillim and tegretol blood vessels,Laboratory,1000,3600
erythomatosus cells,Laboratory,800,1500
erythrocyte count,Laboratory,800,2000
ESR,Laboratory,1000,2000
folate,Laboratory,1000,3600
free iron,Laboratory,1000,3600
FBC – Full blood count,Laboratory,1000,3000
gamma glutamyl transferase,Laboratory,1000,1500
GGT –,Laboratory,2500,3000
Globulin,Laboratory,1000,2000
Sugar test – (glucose),Laboratory,2000,2500
glucose tolerance test,Laboratory,1000,3000
glucossuria,Laboratory,1000,2000
gram stain,Laboratory,1000,3000
haematocrit,Laboratory,800,2000
haematuria,Laboratory,1000,2000
Haemoglobin (HB),Laboratory,800,2000
HBsAg,Laboratory,1000,2000
HCV,Laboratory,1000,2000
HDL,Laboratory,3500,NULL
hepatitis A,Laboratory,1000,2000
Hepatitis B,Laboratory,1000,2000
Hepatitis C,Laboratory,1000,2000
herpes abs,Laboratory,1000,7200
histology,Laboratory,NULL,5400
histology (Biopsy),Laboratory,4500,NULL
HIV (elisa),Laboratory,1500,3000
HIV (rapid),Laboratory,1000,2000
HIV (western blot),Laboratory,1500,6000
india ink,Laboratory,1000,3500
Infectious mononucleosis,Laboratory,1000,2000
ketonuria,Laboratory,1000,2000
lactate dehydrogenase,Laboratory,1000,1500
LDH,Laboratory,1000,1500
LDL,Laboratory,NULL,3500
lee white coagulation time,Laboratory,800,1500
LH,Laboratory,1000,4500
Lipase,Laboratory,5000,4500
lithium,Laboratory,1000,2000
lupus,Laboratory,800,1500
BF – malaria parasite smear,Laboratory,500,1000
mRDT,Laboratory,500,500
midnight blood smear for filariasis,Laboratory,1000,1500
oestradiol,Laboratory,1000,4500
other culture and sensitivities,Laboratory,1000,5500
other haemo parasite smear,Laboratory,1000,2000
pap smear,Laboratory,1000,3600
Peripheral Blood film,Laboratory,1000,NULL
Peripheral blood film/smear/PBF/PBS),Laboratory,NULL,5000
phenytoin blood vessels,Laboratory,1000,3600
platelet count,Laboratory,800,1500
potassium,Laboratory,1000,2000
PT – pregnancy test,Laboratory,1000,2000
proclatin,Laboratory,1000,5400
progesterone,Laboratory,1000,6300
Prostatic specific antigen (PSA),Laboratory,6300,6300
protein total,Laboratory,1000,1500
prothrombin time,Laboratory,1000,1500
PSA,Laboratory,5250,NULL
PT,Laboratory,1000,NULL
rectal snip exam,Laboratory,1000,2000
red cell indicesruticulocyte count,Laboratory,NULL,1500
reticulocyte count,Laboratory,1000,NULL
RF specific Protein,Laboratory,NULL,4000
rheumatoid factor (RF),Laboratory,4500,NULL
rheumatoid factor,Laboratory,NULL,2000
schistosoma igG,Laboratory,1000,2000
schistosoma igM,Laboratory,1000,2000
SD CHECK/25,Laboratory,NULL,2000
sediment microscopy,Laboratory,1000,2000
semen analysis,Laboratory,1000,3000
SGOT – AST,Laboratory,1000,1500
SGPT – ALT,Laboratory,1000,2000
SH,Laboratory,1000,4500
sickle cell test,Laboratory,1000,1500
sodium,Laboratory,1000,2000
specific gravity,Laboratory,1000,2000
stool microscopy,Laboratory,1000,2000
stool ocult blood,Laboratory,1000,2000
Syphillis,Laboratory,1000,2000
T. Protein,Laboratory,1000,NULL
T3,Laboratory,4500,9000
T4,Laboratory,4500,9000
TBIL-,Laboratory,NULL,2500
testestorone,Laboratory,1000,3600
Thyronine T4,Laboratory,1000,5400
tri-iodo- thyronine (T3),Laboratory,1000,5400
triglycerides,Laboratory,3000,2000
TSH,Laboratory,1000,9000
Urea/100,Laboratory,1000,NULL
uric acid,Laboratory,2000,2000
urinalysis ( full report),Laboratory,1000,2000
urine microscopy,Laboratory,1000,2000
urobilinogen,Laboratory,1000,2000
VDRL – Syphilis ,Laboratory,1000,2000
viral load,Laboratory,1000,10800
vitamin B12,Laboratory,1000,4500
wet prep – T. vag,Laboratory,1000,3000
Typhoid test – widal,Laboratory,1000,2000
white cell count,Laboratory,1000,1500
Typhoid test – widal,Laboratory,1000,2000
Abdomen (Erect & Spine),Radiology,3000,9000
Abdomen (KUB),Radiology,3000,7500
Abdominal Ultrasound,Radiology,2500,7500
Barium Enema,Radiology,20000,60000
BARIUM FOLLOW THROUGH,Radiology,10000,30000
BARIUM MEAL,Radiology,8000,18000
BARIUM SWALLOW,Radiology,8000,18000
Breast Ultrasound,Radiology,2500,7500
C-ARM EXAMINATIONS,Radiology,NULL,30000
Cardiac,Radiology,2500,7500
Cervical Spine (AP & LAT View),Radiology,3000,9000
Chest Xray (Lateral views),Radiology,3000,9000
Chest Xray (PA & PA Views),Radiology,3000,9000
Chest Xray (Portable),Radiology,3000,9000
COMPACT DISC FOR XRAY REPORT,Radiology,NULL,0
CT ABDO + IV & ORAL CONTRAST,Radiology,NULL,115000
CT ABDOMEN,Radiology,NULL,90000
CT Abdomen (Plain),Radiology,30000,NULL
CT Abdomen + Oral +IV Contrast,Radiology,42000,NULL
CT Abdomen + Oral/IV Contrast,Radiology,23400,NULL
CT ABDOMEN +IV CONTRAST,Radiology,NULL,100000
CT BRAIN + CONTRAST,Radiology,NULL,100000
CT Brain + IV Contrast,Radiology,19800,NULL
CT BRAIN/ SKULL,Radiology,NULL,80000
CT Brain/Skull/Head,Radiology,24000,NULL
CT C- Spine,Radiology,19800,NULL
CT C-SPINE,Radiology,NULL,90000
CT Chest,Radiology,30000,100000
CT CHEST + CONTRAST,Radiology,NULL,120000
CT Chest + IV Contrast,Radiology,23400,NULL
CT L/S - Spine,Radiology,19800,NULL
CT Lower Extremity & Joints,Radiology,18000,NULL
CT Lower Extremity + IV Contrast,Radiology,19800,NULL
CT Lumbar Myeologram,Radiology,23400,NULL
CT LUMBER,Radiology,NULL,90000
CT MYEROGRAM,Radiology,NULL,120000
CT NECK ( TISSUE),Radiology,NULL,80000
CT Neck (Soft tissue),Radiology,30000,80000
CT Neck + IV Contrast,Radiology,18600,NULL
CT NECK +IV CONTRAST,Radiology,NULL,100000
CT Orbits,Radiology,14400,60000
CT Pelvis,Radiology,30000,70000
CT PELVIS + CONTRAST,Radiology,NULL,80000
CT Pelvis +Contrast,Radiology,23400,NULL
CT Sinuses,Radiology,24000,60000
CT T- Spine,Radiology,19800,NULL
CT T-SPINE,Radiology,NULL,90000
CT UPPER AND LOWER EXTRIMITIES,Radiology,NULL,80000
CT Upper Extremity & Joints,Radiology,18000,NULL
CT Upper Extremity + IV Contrast,Radiology,19800,NULL
Elbow (AP & LAT View),Radiology,3000,9000
Facial Bones,Radiology,3000,9000
Femur Xray (AP & LAT Views),Radiology,3000,9000
Forearm Xray (AP & LAT Views),Radiology,3000,9000
GASTROGRAPHIC SWALLOW,Radiology,NULL,30000
Hand Xray (AP & LAT Views),Radiology,3000,9000
HYSTEROSALPINGOGRAM(HSG),Radiology,NULL,37500
INTRAVENOUS URUGRAPHY (IVP/IUP),Radiology,NULL,52500
Knee (AP & LAT Views),Radiology,3000,9000
KUB,Radiology,2500,NULL
Lumbar Spine Xray (AP & LAT Views),Radiology,3000,9000
Mandible Xray  (AP & Oblique Views),Radiology,3000,9000
MICTURATING URETHROGRAM,Radiology,NULL,37500
MYELOGRAM,Radiology,NULL,45000
Obstetrics Ultrasound,Radiology,2500,7500
Orbits,Radiology,3000,9000
Others,Radiology,2500,7500
Pelvic Ultrasoud,Radiology,2500,NULL
Pelvic/PELVIS,Radiology,NULL,7500
Pelvis Xray,Radiology,3000,9000
Renal,Radiology,NULL,7500
RETROGRADE CYSTO-URETHROGRAM,Radiology,NULL,37500
Scapula Xray,Radiology,3000,9000
Shoulder Xray,Radiology,3000,9000
SINOGRAM,Radiology,NULL,30000
Skull Xray (AP + LAT Views),Radiology,3000,9000
Skull Xray (LAT Views),Radiology,3000,9000
Skull (Townes Views),Radiology,3000,9000
Thoracic Spine Xray (AP & LAT Views),Radiology,3000,9000
Tibia/Fibula Xray (AP & LAT Views),Radiology,3000,9000
Upper Arm Xray (AP & LAT Views),Radiology,3000,9000
URETHROGRAM (HCG),Radiology,37500,NULL
Lumbar puncture,Other Procedures,1500,NULL
O/items: catheters,Other Procedures,2000,NULL
O/items: Bags,Other Procedures,2000,NULL
O/items: Batterlies,Other Procedures,2000,NULL
Cathetirisation,Other Procedures,2500,NULL
Drainage of joint,Other Procedures,4500,NULL
Insertion of Traction Pin,Other Procedures,4500,NULL
Urethra Dilation,Other Procedures,5000,NULL
Examination (EUA).,Other Procedures,5000,NULL
Induction with Cytotec/ pitocin,Other Procedures,NULL,7000
Incision and drainage(marsupulization),Other Procedures,7000,NULL
Anal strength,Other Procedures,7000,NULL
Cervix Biopsy,Other Procedures,7000,NULL
Shirodkar Cerclage,Other Procedures,7000,NULL
Removal of ganglion,Other Procedures,7000,NULL
Fistulectomy,Other Procedures,13500,NULL
Sequestrectomy,Other Procedures,7000,NULL
Excision Lipoma,Other Procedures,7000,NULL
Excision KEloid,Other Procedures,7000,NULL
EXCISION BIOPSY,Other Procedures,7000,NULL
ECG without effort,Other Procedures,NULL,7800
Tendon Repair,Other Procedures,8000,NULL
Wound Debridement,Other Procedures,8500,NULL
Circumcision,Other Procedures,8500,NULL
Repair of third degree tear,Other Procedures,8500,13000
ECG with and without effort,Other Procedures,NULL,9000
Excision Of Lipoma,Other Procedures,NULL,10000
Excision of Keloids( small),Other Procedures,NULL,10000
needle biopsy,Other Procedures,NULL,10000
each subsequent prenatal visit,Other Procedures,NULL,10150
external cephalic version,Other Procedures,NULL,10150
Removal skin tumour,Other Procedures,10200,NULL
Lymph node Biopsy,Other Procedures,10200,NULL
Removal of foreign body,Other Procedures,10200,NULL
limited repeat,Other Procedures,NULL,12000
keratometry,Other Procedures,NULL,12000
A/scanning,Other Procedures,NULL,12000
retinoscopy+ subjective refraction,Other Procedures,NULL,12000
Visual field testing,Other Procedures,NULL,12000
Skin Traction,Other Procedures,12000,NULL
Shrodkar Suture,Other Procedures,NULL,13000
Circumcision Volu.,Other Procedures,13000,NULL
MVA,Other Procedures,13000,NULL
Haemorrhoidectomy,Other Procedures,13500,NULL
Skin grafting,Other Procedures,13500,NULL
Suprapubic Catheter,Other Procedures,13500,NULL
Amputation of limb,Other Procedures,13500,NULL
Tonsillectomy,Other Procedures,13500,NULL
first prenatal visit,Other Procedures,NULL,13650
postnatal checkup,Other Procedures,NULL,13650
Excision of Ganglion Cyst,Other Procedures,NULL,15000
first lesion,Other Procedures,NULL,15500
Cauterisation,Other Procedures,NULL,15500
diagnostic,Other Procedures,NULL,15500
punch biopsy,Other Procedures,NULL,15500
surgical toilet and suturing of < cm superficial,Other Procedures,NULL,15500
Lid laceration repair,Other Procedures,NULL,16000
clavicle arthrotomy,Other Procedures,NULL,16000
diagnostic pleuarl tap,Other Procedures,NULL,16000
percutaneous needle biopsy,Other Procedures,NULL,16000
Evacuation,Surgery,17000,NULL
Dilation and Curettage,Surgery,17000,NULL
VVF Repair,Surgery,17000,NULL
Evacuation incomplete abortion,Surgery,17000,NULL
Polypectomy,Surgery,17000,NULL
Hernia Repair,Surgery,17000,NULL
MANUAL REMOVAL OF PLACENTS(midwife),Surgery,NULL,18000
EUA,Surgery,NULL,35500
maximal anal dilation,Surgery,NULL,18000
drainage of pararectal abscess,Surgery,NULL,18000
drainage of thrombosed pile,Surgery,NULL,18000
exscision of anal skin tag,Surgery,NULL,18000
nedle biopsy,Surgery,NULL,18000
removal of shirodkar suture,Surgery,NULL,18600
Manual Placenta removal,Surgery,20300,NULL
abscess marsupialization( Incision and drainange),Surgery,NULL,21000
wedge biopsy cervix,Surgery,NULL,21200
MANUAL REMOVAL OF PLACENTS (Clinician),Surgery,NULL,22000
removal of tag or plyp,Surgery,NULL,22000
removal of superficial benign lesion,Surgery,NULL,22000
fine needle aspiration,Surgery,NULL,22000
shoulder arthrotomy,Surgery,NULL,22000
carpo-metacarpal-phalangeal or interphalangeal,Surgery,NULL,22000
theraupeautic tap,Surgery,NULL,22000
diagnostic peritoneal lavage,Surgery,NULL,22000
internal sphicteroctomy,Surgery,NULL,22000
fistulectomy,Surgery,NULL,22000
Split sking graft,Surgery,NULL,23000
minor ofice procedures,Surgery,NULL,24000
needle biopsy,Surgery,NULL,24000
excision of ingrowing nail,Surgery,NULL,24000
surgical toilet and suturing superficial laceration,Surgery,NULL,25000
Steroid injection,Surgery,NULL,25000
Joint aspiration,Surgery,2400,25000
examination under anaesthesia(EUA),Surgery,NULL,25000
bone marow biopsy,Surgery,NULL,25000
therapeautic paracentesis,Surgery,NULL,25000
circumcision,Surgery,NULL,25000
Repair of ruptured uterus,Surgery,25000,90000
Caesarian Section,Surgery,25000,NULL
MANUAL REMOVAL OF PLACENTS(theater),Surgery,NULL,26000
assisted breech,Surgery,NULL,27000
repair of third degree tear,Surgery,NULL,27000
wide spread,Surgery,NULL,30000
therapeutic,Surgery,NULL,30000
Lid reconstruction,Surgery,NULL,30000
examination of eye under GA,Surgery,NULL,30000
incisional biopsy of soft growing tissue tumour,Surgery,NULL,30000
Keloidectomy,Surgery,NULL,30000
Drainage of abscess,Surgery,NULL,30000
Inciscion biopsy,Surgery,NULL,30000
escharotomy,Surgery,NULL,30000
punch graft,Surgery,NULL,30000
acuteosteomyelitis drainage,Surgery,NULL,30000
patella ORIF,Surgery,NULL,60000
Tenotomy/tenolysis,Surgery,NULL,30000
finger disaticulation,Surgery,NULL,30000
ACL reconstruction,Surgery,NULL,30000
Carpal tunnel syndrome release,Surgery,NULL,30000
De deQuervain tenosynovitis for release,Surgery,NULL,30000
Bunionectomy,Surgery,NULL,30000
Incisional biopsy for bone turmours,Surgery,NULL,30000
laryngoscopy,Surgery,NULL,30000
under water seal drain,Surgery,NULL,30000
FNA lymph node biopsy,Surgery,NULL,30000
venous cut down,Surgery,NULL,30000
local excision of a lip lesion,Surgery,NULL,30000
Heamorrhoidectomy,Surgery,NULL,30000
cystoscopy,Surgery,NULL,30000
breech extraction,Surgery,NULL,30500
elbow arthrotomy,Surgery,NULL,30500
Oophorectomy,Surgery,30500,NULL
inguinal herniotomy,Surgery,NULL,31000
SVD by Midwife,Surgery,NULL,34000
distraction delivery,Surgery,NULL,34000
Arteriovenous fistual for haemodilysis,Surgery,NULL,34000
Placement of peritoneal catheter diletation,Surgery,NULL,34000
BTL,Surgery,NULL,35000
treatment of minor penetrating injury,Surgery,NULL,35000
Clitoroplasty,Surgery,NULL,35000
shirodkar suture ( cervix),Surgery,NULL,35500
Delivery by general practioner,Surgery,NULL,35500
examination under anasthesia,Surgery,NULL,35500
removal of malignant lesion,Surgery,NULL,35500
Evacuationof RPOC following incomplete non criminal abortion,Surgery,NULL,35500
Lid abscess ( I and D),Surgery,NULL,35500
Biopsy,Surgery,NULL,35500
corneal foreign body removal (single),Surgery,NULL,35500
conjuctival foreign body removal,Surgery,NULL,35500
surgical toilet and suturing multiple superficial lace,Surgery,NULL,35500
excision of benign tumour,Surgery,NULL,35500
radious or ulna (closed reduction),Surgery,NULL,36000
carpal bones,Surgery,NULL,36000
bennets fracture,Surgery,NULL,36000
metacarpal (simple),Surgery,NULL,36000
manipulation and plaster per foot,Surgery,NULL,36000
drainage of parotid abscess,Surgery,NULL,36000
oesophagoscopy,Surgery,NULL,36000
Gastrotomy,Surgery,NULL,36000
repair of the omphalocele in the new born,Surgery,NULL,36000
anal sphicteroplasty for incontinence,Surgery,NULL,36000
inguinal herniorrhaphy,Surgery,NULL,37200
Salpingectomy,Surgery,39000,80000
Other major laparatomies,Surgery,39000,NULL
excision of inclusion cyst,Surgery,NULL,40000
abscess marsupialization,Surgery,NULL,40000
chalazion incision and curettage,Surgery,NULL,40000
trichiasis repair (MMG),Surgery,NULL,40000
Rescuscitation,Surgery,NULL,40000
wrist arthrotomy,Surgery,NULL,40000
lunate arthrotomy,Surgery,NULL,40000
toe disarticulation,Surgery,NULL,40000
removal of foreign body,Surgery,2400,6000
bronchoscopy,Surgery,NULL,40000
excison lymph node biopsy,Surgery,NULL,40000
excision of ranula/ intraoral cyst,Surgery,NULL,40000
open biopsy via laparatomy,Surgery,NULL,40000
Bougies,Surgery,NULL,41000
separation of fused labia,Surgery,NULL,42000
gland excision,Surgery,NULL,42000
Excision of associated cyst or tumour,Surgery,NULL,42000
drainage of asssociated abscess,Surgery,NULL,42000
fibula,Surgery,NULL,42000
knee arthrotomy,Surgery,NULL,42000
oesophagoscopy and removal of foreighn body,Surgery,NULL,42000
injection of oesophagus varices,Surgery,NULL,42000
fermoral herniotomy,Surgery,NULL,42000
repair of epigastric hernia,Surgery,NULL,42000
ectropion correction,Surgery,NULL,43000
pitosis correction (unilateral),Surgery,NULL,43000
Intraescrotal varicocelectomy,Surgery,NULL,43000
delivery by specialist pediatrician,Surgery,NULL,44000
fermoral herniorrhaphy,Surgery,NULL,44000
repair of umbilical hernia,Surgery,NULL,44000
repair of incisional hernia,Surgery,NULL,44000
Dand C,Surgery,NULL,45000
D and C plus biopsy,Surgery,NULL,45000
Evacuation of hydatiform mole,Surgery,NULL,45000
Tumour escision,Surgery,NULL,45000
treatment of major penetrating injury,Surgery,NULL,45000
anterior vitrectomy,Surgery,NULL,45000
mucolece drainage,Surgery,NULL,45000
corneal /sceral laceration repair,Surgery,NULL,45000
removal of blood from anterior chamber,Surgery,NULL,45000
Excision of malignant soft tissue tumour,Surgery,NULL,45000
excision of benign lesion,Surgery,NULL,45000
subareolar cone excision of ducts,Surgery,NULL,45000
nipple reconstruction,Surgery,NULL,45000
debridement under GA,Surgery,NULL,45000
excision of marjolin`s ulcer,Surgery,NULL,45000
Tibia,Surgery,NULL,45000
malleolus of ankle fracture,Surgery,NULL,45000
tarsal bones and os calcis,Surgery,NULL,45000
carpo metacarpal,Surgery,NULL,45000
hip arthrotomy,Surgery,NULL,45000
ankle arthrotomy,Surgery,NULL,45000
ankle,Surgery,NULL,175000
biceps humeri,Surgery,NULL,45000
forearm flexor tendons,Surgery,NULL,45000
forearms extensor tendons,Surgery,NULL,45000
carpal tunnel release,Surgery,NULL,45000
biopsy of nasopharynx under GA,Surgery,NULL,45000
removal of nasal polyp,Surgery,NULL,45000
quinsy – drainage,Surgery,NULL,45000
tracheostomy,Surgery,NULL,45000
bronchoscopy + removal f foreign body,Surgery,NULL,45000
bronchoial lavage,Surgery,NULL,45000
paracentesis of pericardium,Surgery,NULL,45000
pericardial window,Surgery,NULL,45000
excision of cysic hygroma,Surgery,NULL,45000
vascular suturing,Surgery,NULL,45000
ludwigs – anginadrainage,Surgery,NULL,45000
exscision of submandibular gland tumour,Surgery,NULL,45000
oesophagoscopy and dilation of stricture,Surgery,NULL,45000
Sub Total Gastrectomy,Surgery,NULL,45000
atresia,Surgery,NULL,45000
colostomy,Surgery,NULL,45000
sigmid vulvus sigmoioscopic decompression,Surgery,NULL,45000
repair of burst abdomen,Surgery,NULL,45000
anoplasty,Surgery,NULL,45000
repair of bladder rupture,Surgery,NULL,45000
meatoplasty,Surgery,NULL,45000
open biopsy,Surgery,NULL,45000
Hydrocelectomy,Surgery,NULL,45000
Hysterectomy (TAH).,Surgery,45000,NULL
vacuum extraction,Surgery,NULL,45500
drainage of haematocolpos,Surgery,NULL,45500
LACRIMAL CANALICULI REPAIR,Surgery,NULL,48000
transmetatarsal amputation,Surgery,NULL,50000
excision of parotid gland adenoma,Surgery,NULL,50000
oesophangeal intubation for inorperable ca . oesophagus,Surgery,NULL,50000
transrectal drainage of pelvic abscess,Surgery,NULL,50000
openbiopsy,Surgery,NULL,50000
drainage of periurethral abscess,Surgery,NULL,50000
Prostatectomy,Surgery,50000,NULL
drainage of periphenic absecess,Surgery,NULL,51000
Perineal urethrostomy,Surgery,NULL,51000
Priapism(caverno-spongiosum-diversion),Surgery,NULL,51000
Communicant hydrocele unilateralan biopsy,Surgery,NULL,51000
chronic osteomyetis sequestrectomy,Surgery,NULL,52000
ramsteds operation for congenital pyloric stenosis,Surgery,NULL,52000
palliative gastrojejunostomy,Surgery,NULL,52000
visual direct urethrotomy (VDU),Surgery,NULL,52000
repair of peyronies disease,Surgery,NULL,52000
testicular exploration,Surgery,NULL,52000
pitosis correction (bilateral),Surgery,NULL,55000
corneal foreign body removal (multiple),Surgery,NULL,55000
drainage operation,Surgery,NULL,55000
tibia and fibula,Surgery,NULL,55000
achilles tendon,Surgery,NULL,55000
total parotidectomy,Surgery,NULL,55000
repair of perforated gastric ulcer,Surgery,NULL,55000
repair of post traumatic liver injury,Surgery,NULL,55000
drainage of liver abscess/ cyst,Surgery,NULL,55000
choleystostomy,Surgery,NULL,65000
drainage of subphrenic abscess,Surgery,NULL,55000
removal of bladder stone/ foreign body cystolitotomy,Surgery,NULL,55000
bladder neck wedge resection,Surgery,NULL,55000
open biopsy of bladder tumour,Surgery,NULL,55000
cone biopsy,Surgery,NULL,56000
repair of conjuctival receration,Surgery,NULL,56000
suturing of deep laceration with limited muscle damage,Surgery,NULL,56000
colles fracturwe,Surgery,NULL,56000
drainage of other intraperitoneal abscess,Surgery,NULL,56000
posterior vitectromy,Surgery,NULL,58500
radical excision for malignancy,Surgery,NULL,60000
reconstruction of resulunt vaginal atresia,Surgery,NULL,60000
EVA + D and C + biopsy,Surgery,NULL,60000
drainage of pelvic abscess,Surgery,NULL,60000
pterygium excision,Surgery,NULL,60000
excenteration,Surgery,NULL,60000
suturing a deep laceration wt extensive muscle damage,Surgery,NULL,60000
quadrantectomy + nodal clearance,Surgery,NULL,60000
bilateral mastectomy (male),Surgery,NULL,60000
tangential excision+ grafting,Surgery,NULL,60000
release of contracture,Surgery,NULL,60000
partial thickness graft,Surgery,NULL,60000
Ulna fracture,Surgery,NULL,60000
fracture and dislocation of ankle ORIF,Surgery,NULL,60000
Metatarsal/phalangeal fracture,Surgery,NULL,60000
other bones,Surgery,NULL,60000
Debridement and POP,Surgery,NULL,60000
Fingers,Surgery,NULL,60000
Knee,Surgery,NULL,60000
Patella,Surgery,NULL,60000
Toe,Surgery,NULL,60000
pathological fracture secondary to osteomyetis,Surgery,NULL,60000
operation for recirrent dislocation of shoulder,Surgery,NULL,60000
Flexor tendons (upper limbs,Surgery,NULL,60000
Extensor tendons (upper limbs),Surgery,NULL,60000
Flexor/extensor tendon (lower limbs),Surgery,NULL,60000
infrapatella/ quadriceps tendon,Surgery,NULL,60000
tendon freeing operation,Surgery,NULL,60000
below elbow amputation,Surgery,NULL,60000
syme amputation,Surgery,NULL,60000
Nerve repair,Surgery,NULL,60000
Compartment syndrome for fasciotomy,Surgery,NULL,60000
Excisional biopsy for borne tunours,Surgery,NULL,60000
Joint biopsy,Surgery,NULL,60000
sinus drainage,Surgery,NULL,60000
retropharyngeal abscess dainage,Surgery,NULL,60000
drainage of lung abscess,Surgery,NULL,60000
operation for lympho-oedema,Surgery,NULL,60000
Achalasia – hellers operation,Surgery,NULL,60000
vagotomy and gastric drainage procedure,Surgery,NULL,60000
drainage of pancreatic abscess,Surgery,NULL,60000
perforated duodenal ulcer,Surgery,NULL,60000
adhesionlysis,Surgery,NULL,60000
meckes diverticulum,Surgery,NULL,60000
mesenteric node biopsy,Surgery,NULL,60000
appendicectomy,Surgery,NULL,60000
repair of strangulated hernia without bowel resection,Surgery,NULL,60000
pulldown operaton,Surgery,NULL,60000
Delormes operation fo rrectal prolapse,Surgery,NULL,60000
nephostomy,Surgery,NULL,60000
pylolithotomy,Surgery,NULL,60000
ureteroplasty,Surgery,NULL,60000
Open ureteric stone extraction,Surgery,NULL,60000
transurethral resection of bladder tumour,Surgery,NULL,60000
unilateral orchidectomy,Surgery,NULL,60000
Peripheral nerve repair,Surgery,NULL,60000
cataract extraction (ECCE),Surgery,NULL,65000
Fasciocutaneous flap,Surgery,NULL,65000
Musculocutaneous flap,Surgery,NULL,65000
Other complex flap,Surgery,NULL,65000
femur – ORIF,Surgery,NULL,65000
gastric devascularisation for oes varices,Surgery,NULL,65000
intususeption,Surgery,NULL,65000
olvulus,Surgery,NULL,65000
suture of renal laceration,Surgery,NULL,65000
repair of hypasodias,Surgery,NULL,65000
subcapsular orchidectomy,Surgery,NULL,65000
Upper limb,Surgery,NULL,66000
tonsillectomy,Surgery,NULL,66000
repair of lung laceration,Surgery,NULL,66000
Edoscopic extraction of ureteric stone,Surgery,NULL,68000
Bilateral orchidopexy,Surgery,NULL,68000
Marshal test for stress urinary incontinency,Surgery,NULL,70000
enucleation,Surgery,NULL,70500
cateract extraction + ECCE + IOL iplant,Surgery,NULL,70500
choleystostomy + choledochotomy,Surgery,NULL,71000
repair of strangulated hernia with bowel resection,Surgery,NULL,74000
caesarian section ( elective),Surgery,NULL,74400
amniocentesis,Surgery,NULL,74500
repair of vaginal laceration following trauma,Surgery,NULL,75000
amputation cervix,Surgery,NULL,75000
tubal surgery,Surgery,NULL,75000
conjuctival tumour excision,Surgery,NULL,75000
Hyphaema washout,Surgery,NULL,75000
glaucoma surgery (trabeculectomy),Surgery,NULL,75000
Seton's Operation,Surgery,NULL,75000
debridement of dirty/ septic laceration+ secondary sut,Surgery,NULL,75000
Debridement of dirty/ septic laceration,Surgery,NULL,75000
toilet mastectomy,Surgery,NULL,75000
radious or ulna (open reduction),Surgery,NULL,75000
elongation of achilles tendon (ETA) per foot,Surgery,NULL,75000
lower limb,Surgery,NULL,75000
operation of reurrent dislocation of any joint,Surgery,NULL,75000
rotator cuff,Surgery,NULL,115000
above elbow amputation,Surgery,NULL,75000
BKA - below knee amputation,Surgery,NULL,75000
tonsillectomy + adenoidectomy,Surgery,NULL,75000
pulmonary lobectomy,Surgery,NULL,75000
splenorrhaphy,Surgery,NULL,75000
vascular grafting,Surgery,NULL,75000
repair of cleft lip (unilateral),Surgery,NULL,75000
cleft palate (primary repair),Surgery,NULL,75000
repair of oesophageal ruptue,Surgery,NULL,75000
Total Gastrectomy,Surgery,NULL,75000
drainage of pancreatic pseudocyst,Surgery,NULL,75000
by-pass peration for in operable tumour,Surgery,NULL,75000
resection of tumour of the tail of pancreas,Surgery,NULL,75000
resection and anastomosis of gangreous bowel,Surgery,NULL,75000
resection of small bowel tumour,Surgery,NULL,75000
right hemiolectomy,Surgery,NULL,75000
sigmoid vulvulus open decoration,Surgery,NULL,75000
pull thoughoperation,Surgery,NULL,75000
low anterior resection for rectal tumour,Surgery,NULL,75000
partial nephrectomy,Surgery,NULL,75000
ureterostomy,Surgery,NULL,75000
open prostatectomy,Surgery,NULL,75000
partial penectomy,Surgery,NULL,75000
exploratory burr hole,Surgery,NULL,75000
elevation of depressed fracture,Surgery,NULL,75000
ecxcision of thyroglostal cyst,Surgery,NULL,80000
Pyeloplasty,Surgery,NULL,80000
caesarian section ( emergency),Surgery,NULL,84500
Urinary stress incontinency procedures,Surgery,NULL,85000
Quadriceps tendon,Surgery,NULL,85800
Patella tendon,Surgery,NULL,85800
Achilles tendons,Surgery,NULL,85800
HUMERUS (SHAFT),Surgery,NULL,86000
HUMERUS (SUPRACONDYLAR),Surgery,NULL,86000
Galleazzi fracture,Surgery,NULL,86000
Through knee amputation,Surgery,NULL,86000
full thickness graft,Surgery,NULL,88000
vaginal hysterectomy,Surgery,NULL,90000
other operations for prolapse,Surgery,NULL,90000
vaginal repair of VVF,Surgery,NULL,90000
salpingo oophorectomy,Surgery,NULL,90000
ectopic pregnancy-laparatomy,Surgery,NULL,90000
Sub Total Hysterectomy,Surgery,NULL,90000
myomectomy,Surgery,NULL,90000
evisceration,Surgery,NULL,90000
Tripple Operation,Surgery,NULL,90000
simple mastectomy +satelite node biopsy,Surgery,NULL,90000
shoulder disarticulation,Surgery,NULL,90000
AKA – above knee amputation,Surgery,NULL,90000
laryngectomy,Surgery,NULL,90000
splenectomy,Surgery,NULL,90000
varicose vain stripping,Surgery,NULL,90000
repair of cleft lip (bilateral),Surgery,NULL,90000
exscision of emeloblastoma,Surgery,NULL,90000
hiatus and diaphragmatic hernia repair,Surgery,NULL,90000
right lobectomy,Surgery,NULL,90000
cholecysto/ doch-jejunostomy,Surgery,NULL,90000
excision of pancreatic adenoma,Surgery,NULL,90000
repair of pancreatic rupture,Surgery,NULL,90000
left hemocolectomy,Surgery,NULL,90000
hartmans operation,Surgery,NULL,90000
redundunt signoid colectomy,Surgery,NULL,90000
total nephrectomy,Surgery,NULL,90000
ureteic re-implantation,Surgery,NULL,90000
cystectomy ( any type),Surgery,NULL,90000
urethroplasty,Surgery,NULL,90000
trans urethral resection,Surgery,NULL,90000
debridement of open skull fracture,Surgery,NULL,90000
repair of RVF,Surgery,NULL,95000
Bladder substitution,Surgery,NULL,95000
VITREORETINAL,Surgery,NULL,100000
left lobectomy,Surgery,NULL,102000
Ureteric diversion to sygmoides,Surgery,NULL,102000
Bladder exstrophy repair,Surgery,NULL,102000
Bladder augmentation,Surgery,NULL,102000
Bricker procedure,Surgery,NULL,102000
hysterectomy following ruptured uterus,Surgery,NULL,104000
repair of Urethro vaginal fistula,Surgery,NULL,105000
ovarian tumour,Surgery,NULL,105000
nodulectomy,Surgery,NULL,105000
postero-medical release (PMR) per foot,Surgery,NULL,105000
for-quarter amputation,Surgery,NULL,105000
hip disaticulation,Surgery,NULL,105000
pleural decortications,Surgery,NULL,105000
cleft palate (secondary),Surgery,NULL,105000
uretero-sigmoidostomy,Surgery,NULL,105000
Total Abdominal Hysterectomy,Surgery,NULL,110000
isthmusectomy,Surgery,NULL,110000
hemi-thyroidectomy/ lobectomy,Surgery,NULL,115000
Shoulder,Surgery,NULL,115000
Elbow,Surgery,NULL,115000
Wrist,Surgery,NULL,115000
Biceps,Surgery,NULL,115000
Triceps,Surgery,NULL,115000
Knee scope without procedure,Surgery,NULL,115000
Tendon transfer,Surgery,NULL,115000
Girdlestone procedure,Surgery,NULL,115000
hind quarter amputation,Surgery,NULL,117000
bronchoplasty,Surgery,NULL,118000
pneumonectomy,Surgery,NULL,118000
whipples operation,Surgery,NULL,118000
abdomino – perineal resection,Surgery,NULL,118000
ventriculo peritoneal shunt,Surgery,NULL,118000
vaginal hysterectomy+ repair for total prolapse,Surgery,NULL,120000
repair of recurrent entercele or vault prolapse,Surgery,NULL,120000
perineoplasty,Surgery,NULL,120000
warthein operation,Surgery,NULL,120000
explortorylaparatomy,Surgery,NULL,120000
subtotal,Surgery,NULL,120000
bilateral mastectomy (female),Surgery,NULL,120000
rotation flap,Surgery,NULL,120000
Shoulder fracture,Surgery,NULL,120000
Monteggia fractures,Surgery,NULL,120000
thyroidectomy total,Surgery,NULL,130000
Radical mastectomy,Surgery,NULL,130000
oesophagectomy,Surgery,NULL,135000
Hip,Surgery,NULL,145000
Meniscetomy,Surgery,NULL,145000
Debridement,Surgery,NULL,145000
craniectomy,Surgery,NULL,148000
Vaginal Hysterectomy+salpingo oophorectomy,Surgery,NULL,150000
PHACO + IOL,Surgery,NULL,150000
exploration and removal of adenoma,Surgery,NULL,160000
unilateral exploration,Surgery,NULL,160550
bilateral exploration,Surgery,NULL,175000
Lisfranc fracture,Surgery,NULL,175000
Debridement and external fixators,Surgery,NULL,175000
Lisfranc injury,Surgery,NULL,175000
TAH and Bilateral salpingo oophrectomy,Surgery,NULL,180000
Meniscal repair,Surgery,NULL,180000
Pelvic fracture,Surgery,NULL,230000
Hip fracture,Surgery,NULL,230000
"Debridement, flap and external fixators",Surgery,NULL,230000
Hemiarthroplasty,Surgery,NULL,290000
cricothyroidotomy,Surgery,NULL,365000
Total hip replacement,Surgery,NULL,1145000
Total knee replacement,Surgery,NULL,1145000
Ambulance ,Surgery,10000,NULL
Catheterisation,Casualty,2000,4000
Dressing 2nd grade healing,Casualty,600,1500
Ear Syringing,Casualty,2400,3500
Eusol Dressing,Casualty,600,2500
Excision Lipoma,Casualty,2400,10000
Hydrocele Aspiration,Casualty,600,NULL
Hyrogen Perioxide Dressing,Casualty,600,2500
Iodine dressing,Casualty,600,2500
knee aspiration,Casualty,2400,NULL
Lumbar puncture,Casualty,1300,1500
Other minor procedures,Casualty,2400,NULL
P-Incision drainage,Casualty,2400,4000
"P-POP.3"" (PER ROLL",Casualty,2400,4000
"P-POP.4""(PER ROLL)",Casualty,2400,4000
"P-POP.6""(PER ROLL)",Casualty,2400,4000
Wound Surturing,Casualty,2400,4000
Packing of nasal bleeding,Casualty,600,4800
Removal of Polyp Nose,Casualty,600,4800
Reposition Luxated Joint,Casualty,2400,3200
Suprapubic Catheter,Casualty,2400,12000
Suture removal,Casualty,600,1000
Vaseline/Para Gause Dressing (per pack),Casualty,1800,2400
wound dressing,Casualty,600,2500
Wound Surturing,Casualty,2400,6000
DIAMOX,Pharmacy,NULL,400
Chloramphenicol ointment,Pharmacy,NULL,1000
Tetracyclin drops,Pharmacy,NULL,1000
Flurometholone,Pharmacy,NULL,1000
Prednisolone eye drops,Pharmacy,NULL,1000
Dexamethasone,Pharmacy,NULL,1000
SETON'S OPERATIN,Surgery,1000,NULL
KOREAN PHARMACETICAL CO,Pharmacy,1500,1000
LID SPLIT,Surgery,1000,NULL
BLOOD SUGAR,Surgery,NULL,1500
Levofloxacin drops,Pharmacy,NULL,1500
Chloramphenicol drops,Pharmacy,NULL,1500
Gentamycin drops,Pharmacy,NULL,1500
Artificial tears,Pharmacy,NULL,1500
FOREINGN BODY REMOVAL,Surgery,1500,NULL
EVISCERATION,Surgery,1500,NULL
TRIPLE OPERATION,Surgery,1500,NULL
VISUAL FIELD,Surgery,NULL,2000
Maxifloxacin drops,Pharmacy,NULL,2000
Ciprofloxacin drops,Pharmacy,NULL,2000
Oflloxacin drops,Pharmacy,NULL,2000
Tropicamide+Phenylephrine,Pharmacy,NULL,2000
Cyclopentolate,Pharmacy,NULL,2000
Atropine,Pharmacy,NULL,2000
Tropicamide,Surgery,NULL,2000
REFRACTION,Ophthalmology,NULL,2500
RETROBULBAR INJECTION,Ophthalmology,NULL,2500
Latanoprost drops,Pharmacy,NULL,2500
Brimonide drops,Pharmacy,NULL,2500
cosopt drops,Pharmacy,NULL,2500
Xalatin drops,Pharmacy,NULL,2500
Sodium Chromogycate,Pharmacy,NULL,2500
"I & D, I & C.",Ophthalmology,2500,NULL
LID REPAIR,Ophthalmology,2500,NULL
ENUCREATION,Ophthalmology,2500,NULL
IOL BIOMETRY,Ophthalmology,2000,4000
Timolol drops,Pharmacy,NULL,3000
KOREAN PHARMACETICAL CO,Pharmacy,NULL,3000
Dorzolamide drops,Pharmacy,NULL,3500
EYE CONSULTATIONS Child,Ophthalmology,500,4000
Triamcinolone,Pharmacy,4000,NULL
Natamycin drops,Pharmacy,NULL,5000
Econazole drops,Pharmacy,NULL,5000
Acyclovir ointment,Pharmacy,NULL,5000
Sodium Chloride 5%,Pharmacy,NULL,5000
FOCAL LASER,Ophthalmology,5000,NULL
YAG CAPSULOTOMY,Ophthalmology,5000,NULL
EXCISION & BIOPSY,Ophthalmology,5000,NULL
EVISCERATION WITH SPHERE,Ophthalmology,5000,NULL
EYE CONSULTATIONS Adult,Ophthalmology,1000,6000
FOCAL LASER,Ophthalmology,NULL,10000
YAG IRIDOTOMY,Ophthalmology,10000,NULL
PRP,Ophthalmology,10000,NULL
ECCE + IOL,Ophthalmology,15000,NULL
SICS + IOL,Ophthalmology,15000,NULL
YAG CAPSULOTOMY,Ophthalmology,NULL,18000
TRBECULECTOMY,Ophthalmology,18000,NULL
YAG IRIDIOTOMY,Ophthalmology,NULL,20000
LOCAL ANESTHESIA,Ophthalmology,20000,NULL
Reading Glasses,Ophthalmology,10000,25000
PRP,Ophthalmology,NULL,30000
LOCAL ANAESTHESIA,Ophthalmology,NULL,50000
STRABISMUS OPERATION UNDER GENERAL ANAESTHESIA,Ophthalmology,NULL,80000
Acetazolamide,Pharmacy,NULL,100
DIAMOX,Pharmacy,NULL,200
Call out at night for specialist,Consultation,NULL,10000
Consultation Eye Adult,Consultation,1000,NULL
Consultation Eye Child,Consultation,500,NULL
general practitioner first visit,Consultation,NULL,6000
general practitioner subsequent visit,Consultation,NULL,4000
Specialist consultation first visit,Consultation,NULL,8000
specialist consultation subsequent visit,Consultation,NULL,5000
Postnatal checkup (Cesarean Section),Maternity,1500,NULL
Normal Delivery (SVD),Maternity,15000,NULL
Management of PPH,Maternity,8000,NULL
Tear/Episiotopy,Maternity,2500,NULL
Eclampsia,Maternity,50000,NULL
Severe Anaemia,Maternity,8000,NULL
PP Sepsis,Maternity,15500,NULL
New born complications,Maternity,12500,NULL
Laparatomy/Raptured Ectopic Pregnancy,Maternity,35000,NULL
Evacuation,Maternity,15500,NULL
Hysterectomy,Maternity,42000,NULL
Caesarean Section,Maternity,25000,NULL
Manual Removal Placenta,Maternity,8000,NULL
3rd Degree tear,Maternity,8000,NULL
Severe Pneumonia,Maternity,8000,NULL
Severe Malaria in Pregnancy,Maternity,11000,NULL
Preterm labour,Maternity,15500,NULL
Meningitis,Maternity,25000,NULL
Postnatal checkup (Normal),Maternity,750,NULL
Management of APH,Maternity,12000,NULL
Hydrocerectomy,Maternity,15500,NULL
OFF JADELLE,Maternity,500,NULL
BTL,Maternity,2000,NULL
external cephalic version,Maternity,7800,NULL
Amniocentesis,Maternity,57200,NULL
Shirodkar suture ( cervix),Maternity,27300,NULL
Removal of shirodkar suture,Maternity,14300,NULL
Induction with Cytotec/ pitocin,Maternity,5200,NULL
Assisted breech,Maternity,20800,NULL
Breech extraction,Maternity,23400,NULL
Distraction delivery,Maternity,26000,NULL
Vacuum extraction,Maternity,35000,NULL
Examination under anasthesia (EUA).,Other Procedures,27300,NULL
Endoscopy Diagnostic,Other Procedures,6500,NULL
Endoscopy CLO test,Other Procedures,4000,NULL
Endoscopy Biopsy,Other Procedures,4500,NULL
Mortuary Storage,Mortuary,2000,13000
Mortuary Embalming,Mortuary,20000,20000
Death Reports,Documentation,NULL,4500
Mortuary Storage Expatriate,Mortuary,NULL,30000
Mortuary Embalming Expatriate,Mortuary,NULL,30000
Hemodialysis,Other Procedures,40000,NULL
Ethropoetin,Other Procedures,5000,NULL
Iron Hydroxide,Other Procedures,3000,NULL
Registration,Admission,500,3000
Accommodation,Admission,1300,14000
specialist visit/ day,Consultation,NULL,5000
general practioner visit/ day,Consultation,NULL,4000
INTENSIVE CARE UNIT,Admission,NULL,20000
Each additional canal,Dental,3000,5000
First Canal,Dental,2000,8000
Incision and drainage,Dental,2000,3500
Jaw Fracture wiring (IMF),Dental,5000,8000
Minor oral Surgery,Dental,2500,4000
One/ two surface filling,Dental,4500,5500
Scaling and Polishing,Dental,5000,10000
Simple extraction :Children,Dental,1000,3000
Simple extraction: Adult,Dental,1300,4000
Surgical Extraction,Dental,5000,5000
Temporary Filling,Dental,2500,3000
Three or more Surface filling,Dental,4500,5500
TMJ Reduction,Dental,2500,5000
Retrobulbar Injecttion,Ophthalmology,NULL,2500
Eye Consultation (Paediatric),Ophthalmology,NULL,4000
Call out at night for specialist,Consultation,NULL,10000
Consultation Adult,Consultation,500,NULL
Consultation ART,Consultation,200,NULL
Consultation Child,Consultation,300,NULL
Accommodation (Paediatric),Admission,500,NULL
Abdomen Ultrasound,Radiology,2500,7500
Chest (PA & AP Views),Radiology,3000,9000
Gestational Ultrasound (Obstetrics),Radiology,2500,7500
Acetazolamide,Ophthalmology,NULL,100
DIAMOX,Pharmacy,NULL,200
KOREAN PHARMACETICAL CO,Pharmacy,NULL,250
Consultation ART Other,Consultation,500,NULL
Consultation ART Catchment,Consultation,200,NULL
Consultation Child Night,Consultation,500,NULL
Consultation Adult Night,Consultation,700,NULL
Consultation VIA Catchment,Consultation,200,NULL
Consultation VIA Other,Consultation,500,NULL
Consultation ANC First (Catchment),Consultation,200,NULL
Consultation ANC Subs (Catchment),Consultation,200,NULL
Consultation ANC First (Other),Consultation,2500,NULL
Consultation ANC Subs (Other),Consultation,1500,NULL
